--------------------------------------------------------
-- Archivo creado  - martes-diciembre-24-2019   
--------------------------------------------------------
--------------------------------------------------------
--  DDL for Table VENTA
--------------------------------------------------------

  CREATE TABLE "VENTA" ("ID_VENTA" NUMBER(*,0), "ID_FACTURA" NUMBER(*,0), "ID_PRODUCTO" NUMBER(*,0), "CANTIDAD" NUMBER(*,0)) PCTFREE 10 PCTUSED 40 INITRANS 1 MAXTRANS 255  NOCOMPRESS LOGGING STORAGE(INITIAL 65536 NEXT 1048576 MINEXTENTS 1 MAXEXTENTS 2147483645 PCTINCREASE 0 FREELISTS 1 FREELIST GROUPS 1 BUFFER_POOL DEFAULT FLASH_CACHE DEFAULT CELL_FLASH_CACHE DEFAULT) TABLESPACE "SYSTEM"
--------------------------------------------------------
--  DDL for Table FACTURA
--------------------------------------------------------

  CREATE TABLE "FACTURA" ("ID_FACTURA" NUMBER(*,0), "FECHA" DATE, "ID_CLIENTE" NUMBER(*,0)) PCTFREE 10 PCTUSED 40 INITRANS 1 MAXTRANS 255  NOCOMPRESS LOGGING STORAGE(INITIAL 65536 NEXT 1048576 MINEXTENTS 1 MAXEXTENTS 2147483645 PCTINCREASE 0 FREELISTS 1 FREELIST GROUPS 1 BUFFER_POOL DEFAULT FLASH_CACHE DEFAULT CELL_FLASH_CACHE DEFAULT) TABLESPACE "SYSTEM"
--------------------------------------------------------
--  DDL for Table CATEGORIA
--------------------------------------------------------

  CREATE TABLE "CATEGORIA" ("ID_CATEGORIA" NUMBER(*,0), "DESCRIPCION" VARCHAR2(20)) PCTFREE 10 PCTUSED 40 INITRANS 1 MAXTRANS 255  NOCOMPRESS LOGGING STORAGE(INITIAL 65536 NEXT 1048576 MINEXTENTS 1 MAXEXTENTS 2147483645 PCTINCREASE 0 FREELISTS 1 FREELIST GROUPS 1 BUFFER_POOL DEFAULT FLASH_CACHE DEFAULT CELL_FLASH_CACHE DEFAULT) TABLESPACE "SYSTEM"
--------------------------------------------------------
--  DDL for Table CLIENTE
--------------------------------------------------------

  CREATE TABLE "CLIENTE" ("ID_CLIENTE" NUMBER(*,0), "NOMBRE" VARCHAR2(20), "APELLIDO" VARCHAR2(20), "TELEFONO" VARCHAR2(20)) PCTFREE 10 PCTUSED 40 INITRANS 1 MAXTRANS 255  NOCOMPRESS LOGGING STORAGE(INITIAL 65536 NEXT 1048576 MINEXTENTS 1 MAXEXTENTS 2147483645 PCTINCREASE 0 FREELISTS 1 FREELIST GROUPS 1 BUFFER_POOL DEFAULT FLASH_CACHE DEFAULT CELL_FLASH_CACHE DEFAULT) TABLESPACE "SYSTEM"
--------------------------------------------------------
--  DDL for Table PRODUCTO
--------------------------------------------------------

  CREATE TABLE "PRODUCTO" ("DESCRIPCION" VARCHAR2(20), "ID_PRODUCTO" NUMBER(*,0), "PRECIO" FLOAT(126), "ID_CATEGORIA" NUMBER(*,0), "ID_PROVEEDOR" NUMBER(*,0)) PCTFREE 10 PCTUSED 40 INITRANS 1 MAXTRANS 255  NOCOMPRESS LOGGING STORAGE(INITIAL 65536 NEXT 1048576 MINEXTENTS 1 MAXEXTENTS 2147483645 PCTINCREASE 0 FREELISTS 1 FREELIST GROUPS 1 BUFFER_POOL DEFAULT FLASH_CACHE DEFAULT CELL_FLASH_CACHE DEFAULT) TABLESPACE "SYSTEM"
--------------------------------------------------------
--  DDL for Table PROVEEDOR
--------------------------------------------------------

  CREATE TABLE "PROVEEDOR" ("ID_PROVEEDOR" NUMBER(*,0), "NOMBRE" VARCHAR2(20), "APELLIDO" VARCHAR2(20), "TELEFONO" VARCHAR2(20)) PCTFREE 10 PCTUSED 40 INITRANS 1 MAXTRANS 255  NOCOMPRESS LOGGING STORAGE(INITIAL 65536 NEXT 1048576 MINEXTENTS 1 MAXEXTENTS 2147483645 PCTINCREASE 0 FREELISTS 1 FREELIST GROUPS 1 BUFFER_POOL DEFAULT FLASH_CACHE DEFAULT CELL_FLASH_CACHE DEFAULT) TABLESPACE "SYSTEM"
REM INSERTING into VENTA
SET DEFINE OFF;
Insert into VENTA (ID_VENTA,ID_FACTURA,ID_PRODUCTO,CANTIDAD) values ('1','5500','8','7');
Insert into VENTA (ID_VENTA,ID_FACTURA,ID_PRODUCTO,CANTIDAD) values ('2','5501','5','5');
Insert into VENTA (ID_VENTA,ID_FACTURA,ID_PRODUCTO,CANTIDAD) values ('3','5502','7','9');
Insert into VENTA (ID_VENTA,ID_FACTURA,ID_PRODUCTO,CANTIDAD) values ('4','5503','10','6');
Insert into VENTA (ID_VENTA,ID_FACTURA,ID_PRODUCTO,CANTIDAD) values ('5','5504','1','10');
Insert into VENTA (ID_VENTA,ID_FACTURA,ID_PRODUCTO,CANTIDAD) values ('6','5505','5','6');
Insert into VENTA (ID_VENTA,ID_FACTURA,ID_PRODUCTO,CANTIDAD) values ('7','5506','7','8');
Insert into VENTA (ID_VENTA,ID_FACTURA,ID_PRODUCTO,CANTIDAD) values ('8','5507','9','9');
Insert into VENTA (ID_VENTA,ID_FACTURA,ID_PRODUCTO,CANTIDAD) values ('9','5508','3','3');
Insert into VENTA (ID_VENTA,ID_FACTURA,ID_PRODUCTO,CANTIDAD) values ('10','5509','5','8');
Insert into VENTA (ID_VENTA,ID_FACTURA,ID_PRODUCTO,CANTIDAD) values ('11','5510','4','4');
Insert into VENTA (ID_VENTA,ID_FACTURA,ID_PRODUCTO,CANTIDAD) values ('12','5511','8','10');
Insert into VENTA (ID_VENTA,ID_FACTURA,ID_PRODUCTO,CANTIDAD) values ('13','5512','2','1');
Insert into VENTA (ID_VENTA,ID_FACTURA,ID_PRODUCTO,CANTIDAD) values ('14','5513','10','6');
Insert into VENTA (ID_VENTA,ID_FACTURA,ID_PRODUCTO,CANTIDAD) values ('15','5514','1','5');
Insert into VENTA (ID_VENTA,ID_FACTURA,ID_PRODUCTO,CANTIDAD) values ('16','5515','10','3');
Insert into VENTA (ID_VENTA,ID_FACTURA,ID_PRODUCTO,CANTIDAD) values ('17','5516','9','8');
Insert into VENTA (ID_VENTA,ID_FACTURA,ID_PRODUCTO,CANTIDAD) values ('18','5517','4','8');
Insert into VENTA (ID_VENTA,ID_FACTURA,ID_PRODUCTO,CANTIDAD) values ('19','5518','1','3');
Insert into VENTA (ID_VENTA,ID_FACTURA,ID_PRODUCTO,CANTIDAD) values ('20','5519','8','9');
Insert into VENTA (ID_VENTA,ID_FACTURA,ID_PRODUCTO,CANTIDAD) values ('21','5520','6','2');
Insert into VENTA (ID_VENTA,ID_FACTURA,ID_PRODUCTO,CANTIDAD) values ('22','5521','1','4');
Insert into VENTA (ID_VENTA,ID_FACTURA,ID_PRODUCTO,CANTIDAD) values ('23','5522','3','2');
Insert into VENTA (ID_VENTA,ID_FACTURA,ID_PRODUCTO,CANTIDAD) values ('24','5523','9','1');
Insert into VENTA (ID_VENTA,ID_FACTURA,ID_PRODUCTO,CANTIDAD) values ('25','5524','8','2');
Insert into VENTA (ID_VENTA,ID_FACTURA,ID_PRODUCTO,CANTIDAD) values ('26','5525','10','2');
Insert into VENTA (ID_VENTA,ID_FACTURA,ID_PRODUCTO,CANTIDAD) values ('27','5526','4','8');
Insert into VENTA (ID_VENTA,ID_FACTURA,ID_PRODUCTO,CANTIDAD) values ('28','5527','5','2');
Insert into VENTA (ID_VENTA,ID_FACTURA,ID_PRODUCTO,CANTIDAD) values ('29','5528','10','8');
Insert into VENTA (ID_VENTA,ID_FACTURA,ID_PRODUCTO,CANTIDAD) values ('30','5529','1','2');
Insert into VENTA (ID_VENTA,ID_FACTURA,ID_PRODUCTO,CANTIDAD) values ('31','5530','5','8');
Insert into VENTA (ID_VENTA,ID_FACTURA,ID_PRODUCTO,CANTIDAD) values ('32','5531','3','6');
Insert into VENTA (ID_VENTA,ID_FACTURA,ID_PRODUCTO,CANTIDAD) values ('33','5532','2','2');
Insert into VENTA (ID_VENTA,ID_FACTURA,ID_PRODUCTO,CANTIDAD) values ('34','5533','6','10');
Insert into VENTA (ID_VENTA,ID_FACTURA,ID_PRODUCTO,CANTIDAD) values ('35','5534','5','8');
Insert into VENTA (ID_VENTA,ID_FACTURA,ID_PRODUCTO,CANTIDAD) values ('36','5535','8','6');
Insert into VENTA (ID_VENTA,ID_FACTURA,ID_PRODUCTO,CANTIDAD) values ('37','5536','10','6');
Insert into VENTA (ID_VENTA,ID_FACTURA,ID_PRODUCTO,CANTIDAD) values ('38','5537','8','5');
Insert into VENTA (ID_VENTA,ID_FACTURA,ID_PRODUCTO,CANTIDAD) values ('39','5538','2','6');
Insert into VENTA (ID_VENTA,ID_FACTURA,ID_PRODUCTO,CANTIDAD) values ('40','5539','9','10');
Insert into VENTA (ID_VENTA,ID_FACTURA,ID_PRODUCTO,CANTIDAD) values ('41','5540','5','6');
Insert into VENTA (ID_VENTA,ID_FACTURA,ID_PRODUCTO,CANTIDAD) values ('42','5541','2','7');
Insert into VENTA (ID_VENTA,ID_FACTURA,ID_PRODUCTO,CANTIDAD) values ('43','5542','10','3');
Insert into VENTA (ID_VENTA,ID_FACTURA,ID_PRODUCTO,CANTIDAD) values ('44','5543','10','2');
Insert into VENTA (ID_VENTA,ID_FACTURA,ID_PRODUCTO,CANTIDAD) values ('45','5544','1','10');
Insert into VENTA (ID_VENTA,ID_FACTURA,ID_PRODUCTO,CANTIDAD) values ('46','5545','1','8');
Insert into VENTA (ID_VENTA,ID_FACTURA,ID_PRODUCTO,CANTIDAD) values ('47','5546','2','1');
Insert into VENTA (ID_VENTA,ID_FACTURA,ID_PRODUCTO,CANTIDAD) values ('48','5547','6','1');
Insert into VENTA (ID_VENTA,ID_FACTURA,ID_PRODUCTO,CANTIDAD) values ('49','5548','10','2');
Insert into VENTA (ID_VENTA,ID_FACTURA,ID_PRODUCTO,CANTIDAD) values ('50','5549','8','9');
Insert into VENTA (ID_VENTA,ID_FACTURA,ID_PRODUCTO,CANTIDAD) values ('51','5550','4','3');
Insert into VENTA (ID_VENTA,ID_FACTURA,ID_PRODUCTO,CANTIDAD) values ('52','5551','8','2');
Insert into VENTA (ID_VENTA,ID_FACTURA,ID_PRODUCTO,CANTIDAD) values ('53','5552','3','3');
Insert into VENTA (ID_VENTA,ID_FACTURA,ID_PRODUCTO,CANTIDAD) values ('54','5553','6','4');
Insert into VENTA (ID_VENTA,ID_FACTURA,ID_PRODUCTO,CANTIDAD) values ('55','5554','5','10');
Insert into VENTA (ID_VENTA,ID_FACTURA,ID_PRODUCTO,CANTIDAD) values ('56','5555','9','8');
Insert into VENTA (ID_VENTA,ID_FACTURA,ID_PRODUCTO,CANTIDAD) values ('57','5556','8','8');
Insert into VENTA (ID_VENTA,ID_FACTURA,ID_PRODUCTO,CANTIDAD) values ('58','5557','9','8');
Insert into VENTA (ID_VENTA,ID_FACTURA,ID_PRODUCTO,CANTIDAD) values ('59','5558','7','2');
Insert into VENTA (ID_VENTA,ID_FACTURA,ID_PRODUCTO,CANTIDAD) values ('60','5559','10','6');
Insert into VENTA (ID_VENTA,ID_FACTURA,ID_PRODUCTO,CANTIDAD) values ('61','5560','3','3');
Insert into VENTA (ID_VENTA,ID_FACTURA,ID_PRODUCTO,CANTIDAD) values ('62','5561','7','9');
Insert into VENTA (ID_VENTA,ID_FACTURA,ID_PRODUCTO,CANTIDAD) values ('63','5562','1','6');
Insert into VENTA (ID_VENTA,ID_FACTURA,ID_PRODUCTO,CANTIDAD) values ('64','5563','5','2');
Insert into VENTA (ID_VENTA,ID_FACTURA,ID_PRODUCTO,CANTIDAD) values ('65','5564','1','9');
Insert into VENTA (ID_VENTA,ID_FACTURA,ID_PRODUCTO,CANTIDAD) values ('66','5565','4','6');
Insert into VENTA (ID_VENTA,ID_FACTURA,ID_PRODUCTO,CANTIDAD) values ('67','5566','6','3');
Insert into VENTA (ID_VENTA,ID_FACTURA,ID_PRODUCTO,CANTIDAD) values ('68','5567','8','3');
Insert into VENTA (ID_VENTA,ID_FACTURA,ID_PRODUCTO,CANTIDAD) values ('69','5568','5','3');
Insert into VENTA (ID_VENTA,ID_FACTURA,ID_PRODUCTO,CANTIDAD) values ('70','5569','5','6');
Insert into VENTA (ID_VENTA,ID_FACTURA,ID_PRODUCTO,CANTIDAD) values ('71','5570','2','1');
Insert into VENTA (ID_VENTA,ID_FACTURA,ID_PRODUCTO,CANTIDAD) values ('72','5571','10','4');
Insert into VENTA (ID_VENTA,ID_FACTURA,ID_PRODUCTO,CANTIDAD) values ('73','5572','1','6');
Insert into VENTA (ID_VENTA,ID_FACTURA,ID_PRODUCTO,CANTIDAD) values ('74','5573','8','10');
Insert into VENTA (ID_VENTA,ID_FACTURA,ID_PRODUCTO,CANTIDAD) values ('75','5574','10','10');
Insert into VENTA (ID_VENTA,ID_FACTURA,ID_PRODUCTO,CANTIDAD) values ('76','5575','7','3');
Insert into VENTA (ID_VENTA,ID_FACTURA,ID_PRODUCTO,CANTIDAD) values ('77','5576','10','8');
Insert into VENTA (ID_VENTA,ID_FACTURA,ID_PRODUCTO,CANTIDAD) values ('78','5577','1','1');
Insert into VENTA (ID_VENTA,ID_FACTURA,ID_PRODUCTO,CANTIDAD) values ('79','5578','1','3');
Insert into VENTA (ID_VENTA,ID_FACTURA,ID_PRODUCTO,CANTIDAD) values ('80','5579','10','1');
Insert into VENTA (ID_VENTA,ID_FACTURA,ID_PRODUCTO,CANTIDAD) values ('81','5580','3','9');
Insert into VENTA (ID_VENTA,ID_FACTURA,ID_PRODUCTO,CANTIDAD) values ('82','5581','3','9');
Insert into VENTA (ID_VENTA,ID_FACTURA,ID_PRODUCTO,CANTIDAD) values ('83','5582','9','8');
Insert into VENTA (ID_VENTA,ID_FACTURA,ID_PRODUCTO,CANTIDAD) values ('84','5583','10','10');
Insert into VENTA (ID_VENTA,ID_FACTURA,ID_PRODUCTO,CANTIDAD) values ('85','5584','10','6');
Insert into VENTA (ID_VENTA,ID_FACTURA,ID_PRODUCTO,CANTIDAD) values ('86','5585','5','5');
Insert into VENTA (ID_VENTA,ID_FACTURA,ID_PRODUCTO,CANTIDAD) values ('87','5586','6','2');
Insert into VENTA (ID_VENTA,ID_FACTURA,ID_PRODUCTO,CANTIDAD) values ('88','5587','10','8');
Insert into VENTA (ID_VENTA,ID_FACTURA,ID_PRODUCTO,CANTIDAD) values ('89','5588','4','3');
Insert into VENTA (ID_VENTA,ID_FACTURA,ID_PRODUCTO,CANTIDAD) values ('90','5589','6','8');
Insert into VENTA (ID_VENTA,ID_FACTURA,ID_PRODUCTO,CANTIDAD) values ('91','5590','2','10');
Insert into VENTA (ID_VENTA,ID_FACTURA,ID_PRODUCTO,CANTIDAD) values ('92','5591','4','8');
Insert into VENTA (ID_VENTA,ID_FACTURA,ID_PRODUCTO,CANTIDAD) values ('93','5592','5','3');
Insert into VENTA (ID_VENTA,ID_FACTURA,ID_PRODUCTO,CANTIDAD) values ('94','5593','1','1');
Insert into VENTA (ID_VENTA,ID_FACTURA,ID_PRODUCTO,CANTIDAD) values ('95','5594','9','8');
Insert into VENTA (ID_VENTA,ID_FACTURA,ID_PRODUCTO,CANTIDAD) values ('96','5595','3','2');
Insert into VENTA (ID_VENTA,ID_FACTURA,ID_PRODUCTO,CANTIDAD) values ('97','5596','3','8');
Insert into VENTA (ID_VENTA,ID_FACTURA,ID_PRODUCTO,CANTIDAD) values ('98','5597','4','7');
Insert into VENTA (ID_VENTA,ID_FACTURA,ID_PRODUCTO,CANTIDAD) values ('99','5598','8','1');
Insert into VENTA (ID_VENTA,ID_FACTURA,ID_PRODUCTO,CANTIDAD) values ('100','5599','2','2');
Insert into VENTA (ID_VENTA,ID_FACTURA,ID_PRODUCTO,CANTIDAD) values ('101','5600','8','8');
Insert into VENTA (ID_VENTA,ID_FACTURA,ID_PRODUCTO,CANTIDAD) values ('102','5601','8','5');
Insert into VENTA (ID_VENTA,ID_FACTURA,ID_PRODUCTO,CANTIDAD) values ('103','5602','6','8');
Insert into VENTA (ID_VENTA,ID_FACTURA,ID_PRODUCTO,CANTIDAD) values ('104','5603','9','4');
Insert into VENTA (ID_VENTA,ID_FACTURA,ID_PRODUCTO,CANTIDAD) values ('105','5604','2','4');
Insert into VENTA (ID_VENTA,ID_FACTURA,ID_PRODUCTO,CANTIDAD) values ('106','5605','1','6');
Insert into VENTA (ID_VENTA,ID_FACTURA,ID_PRODUCTO,CANTIDAD) values ('107','5606','8','4');
Insert into VENTA (ID_VENTA,ID_FACTURA,ID_PRODUCTO,CANTIDAD) values ('108','5607','3','3');
Insert into VENTA (ID_VENTA,ID_FACTURA,ID_PRODUCTO,CANTIDAD) values ('109','5608','2','1');
Insert into VENTA (ID_VENTA,ID_FACTURA,ID_PRODUCTO,CANTIDAD) values ('110','5609','7','8');
Insert into VENTA (ID_VENTA,ID_FACTURA,ID_PRODUCTO,CANTIDAD) values ('111','5610','5','4');
Insert into VENTA (ID_VENTA,ID_FACTURA,ID_PRODUCTO,CANTIDAD) values ('112','5611','4','1');
Insert into VENTA (ID_VENTA,ID_FACTURA,ID_PRODUCTO,CANTIDAD) values ('113','5612','7','7');
Insert into VENTA (ID_VENTA,ID_FACTURA,ID_PRODUCTO,CANTIDAD) values ('114','5613','4','4');
Insert into VENTA (ID_VENTA,ID_FACTURA,ID_PRODUCTO,CANTIDAD) values ('115','5614','4','8');
Insert into VENTA (ID_VENTA,ID_FACTURA,ID_PRODUCTO,CANTIDAD) values ('116','5615','2','4');
Insert into VENTA (ID_VENTA,ID_FACTURA,ID_PRODUCTO,CANTIDAD) values ('117','5616','3','6');
Insert into VENTA (ID_VENTA,ID_FACTURA,ID_PRODUCTO,CANTIDAD) values ('118','5617','4','5');
Insert into VENTA (ID_VENTA,ID_FACTURA,ID_PRODUCTO,CANTIDAD) values ('119','5618','4','1');
Insert into VENTA (ID_VENTA,ID_FACTURA,ID_PRODUCTO,CANTIDAD) values ('120','5619','10','1');
Insert into VENTA (ID_VENTA,ID_FACTURA,ID_PRODUCTO,CANTIDAD) values ('121','5620','10','6');
Insert into VENTA (ID_VENTA,ID_FACTURA,ID_PRODUCTO,CANTIDAD) values ('122','5621','9','10');
Insert into VENTA (ID_VENTA,ID_FACTURA,ID_PRODUCTO,CANTIDAD) values ('123','5622','9','5');
Insert into VENTA (ID_VENTA,ID_FACTURA,ID_PRODUCTO,CANTIDAD) values ('124','5623','3','8');
Insert into VENTA (ID_VENTA,ID_FACTURA,ID_PRODUCTO,CANTIDAD) values ('125','5624','9','4');
Insert into VENTA (ID_VENTA,ID_FACTURA,ID_PRODUCTO,CANTIDAD) values ('126','5625','1','4');
Insert into VENTA (ID_VENTA,ID_FACTURA,ID_PRODUCTO,CANTIDAD) values ('127','5626','2','10');
Insert into VENTA (ID_VENTA,ID_FACTURA,ID_PRODUCTO,CANTIDAD) values ('128','5627','4','6');
Insert into VENTA (ID_VENTA,ID_FACTURA,ID_PRODUCTO,CANTIDAD) values ('129','5628','3','10');
Insert into VENTA (ID_VENTA,ID_FACTURA,ID_PRODUCTO,CANTIDAD) values ('130','5629','5','2');
Insert into VENTA (ID_VENTA,ID_FACTURA,ID_PRODUCTO,CANTIDAD) values ('131','5630','4','4');
Insert into VENTA (ID_VENTA,ID_FACTURA,ID_PRODUCTO,CANTIDAD) values ('132','5631','9','9');
Insert into VENTA (ID_VENTA,ID_FACTURA,ID_PRODUCTO,CANTIDAD) values ('133','5632','8','8');
Insert into VENTA (ID_VENTA,ID_FACTURA,ID_PRODUCTO,CANTIDAD) values ('134','5633','3','6');
Insert into VENTA (ID_VENTA,ID_FACTURA,ID_PRODUCTO,CANTIDAD) values ('135','5634','10','9');
Insert into VENTA (ID_VENTA,ID_FACTURA,ID_PRODUCTO,CANTIDAD) values ('136','5635','8','3');
Insert into VENTA (ID_VENTA,ID_FACTURA,ID_PRODUCTO,CANTIDAD) values ('137','5636','4','10');
Insert into VENTA (ID_VENTA,ID_FACTURA,ID_PRODUCTO,CANTIDAD) values ('138','5637','10','2');
Insert into VENTA (ID_VENTA,ID_FACTURA,ID_PRODUCTO,CANTIDAD) values ('139','5638','10','6');
Insert into VENTA (ID_VENTA,ID_FACTURA,ID_PRODUCTO,CANTIDAD) values ('140','5639','4','9');
Insert into VENTA (ID_VENTA,ID_FACTURA,ID_PRODUCTO,CANTIDAD) values ('141','5640','2','5');
Insert into VENTA (ID_VENTA,ID_FACTURA,ID_PRODUCTO,CANTIDAD) values ('142','5641','8','1');
Insert into VENTA (ID_VENTA,ID_FACTURA,ID_PRODUCTO,CANTIDAD) values ('143','5642','3','8');
Insert into VENTA (ID_VENTA,ID_FACTURA,ID_PRODUCTO,CANTIDAD) values ('144','5643','9','1');
Insert into VENTA (ID_VENTA,ID_FACTURA,ID_PRODUCTO,CANTIDAD) values ('145','5644','4','6');
Insert into VENTA (ID_VENTA,ID_FACTURA,ID_PRODUCTO,CANTIDAD) values ('146','5645','8','10');
Insert into VENTA (ID_VENTA,ID_FACTURA,ID_PRODUCTO,CANTIDAD) values ('147','5646','10','7');
Insert into VENTA (ID_VENTA,ID_FACTURA,ID_PRODUCTO,CANTIDAD) values ('148','5647','2','1');
Insert into VENTA (ID_VENTA,ID_FACTURA,ID_PRODUCTO,CANTIDAD) values ('149','5648','7','10');
Insert into VENTA (ID_VENTA,ID_FACTURA,ID_PRODUCTO,CANTIDAD) values ('150','5649','1','10');
Insert into VENTA (ID_VENTA,ID_FACTURA,ID_PRODUCTO,CANTIDAD) values ('151','5650','2','6');
Insert into VENTA (ID_VENTA,ID_FACTURA,ID_PRODUCTO,CANTIDAD) values ('152','5651','3','8');
Insert into VENTA (ID_VENTA,ID_FACTURA,ID_PRODUCTO,CANTIDAD) values ('153','5652','1','5');
Insert into VENTA (ID_VENTA,ID_FACTURA,ID_PRODUCTO,CANTIDAD) values ('154','5653','9','2');
Insert into VENTA (ID_VENTA,ID_FACTURA,ID_PRODUCTO,CANTIDAD) values ('155','5654','3','3');
Insert into VENTA (ID_VENTA,ID_FACTURA,ID_PRODUCTO,CANTIDAD) values ('156','5655','1','1');
Insert into VENTA (ID_VENTA,ID_FACTURA,ID_PRODUCTO,CANTIDAD) values ('157','5656','8','1');
Insert into VENTA (ID_VENTA,ID_FACTURA,ID_PRODUCTO,CANTIDAD) values ('158','5657','10','9');
Insert into VENTA (ID_VENTA,ID_FACTURA,ID_PRODUCTO,CANTIDAD) values ('159','5658','4','8');
Insert into VENTA (ID_VENTA,ID_FACTURA,ID_PRODUCTO,CANTIDAD) values ('160','5659','4','7');
Insert into VENTA (ID_VENTA,ID_FACTURA,ID_PRODUCTO,CANTIDAD) values ('161','5660','8','2');
Insert into VENTA (ID_VENTA,ID_FACTURA,ID_PRODUCTO,CANTIDAD) values ('162','5661','4','5');
Insert into VENTA (ID_VENTA,ID_FACTURA,ID_PRODUCTO,CANTIDAD) values ('163','5662','8','9');
Insert into VENTA (ID_VENTA,ID_FACTURA,ID_PRODUCTO,CANTIDAD) values ('164','5663','8','2');
Insert into VENTA (ID_VENTA,ID_FACTURA,ID_PRODUCTO,CANTIDAD) values ('165','5664','9','4');
Insert into VENTA (ID_VENTA,ID_FACTURA,ID_PRODUCTO,CANTIDAD) values ('166','5665','1','6');
Insert into VENTA (ID_VENTA,ID_FACTURA,ID_PRODUCTO,CANTIDAD) values ('167','5666','7','7');
Insert into VENTA (ID_VENTA,ID_FACTURA,ID_PRODUCTO,CANTIDAD) values ('168','5667','5','4');
Insert into VENTA (ID_VENTA,ID_FACTURA,ID_PRODUCTO,CANTIDAD) values ('169','5668','8','8');
Insert into VENTA (ID_VENTA,ID_FACTURA,ID_PRODUCTO,CANTIDAD) values ('170','5669','4','6');
Insert into VENTA (ID_VENTA,ID_FACTURA,ID_PRODUCTO,CANTIDAD) values ('171','5670','9','7');
Insert into VENTA (ID_VENTA,ID_FACTURA,ID_PRODUCTO,CANTIDAD) values ('172','5671','8','4');
Insert into VENTA (ID_VENTA,ID_FACTURA,ID_PRODUCTO,CANTIDAD) values ('173','5672','2','4');
Insert into VENTA (ID_VENTA,ID_FACTURA,ID_PRODUCTO,CANTIDAD) values ('174','5673','1','1');
Insert into VENTA (ID_VENTA,ID_FACTURA,ID_PRODUCTO,CANTIDAD) values ('175','5674','7','4');
Insert into VENTA (ID_VENTA,ID_FACTURA,ID_PRODUCTO,CANTIDAD) values ('176','5675','8','6');
Insert into VENTA (ID_VENTA,ID_FACTURA,ID_PRODUCTO,CANTIDAD) values ('177','5676','7','10');
Insert into VENTA (ID_VENTA,ID_FACTURA,ID_PRODUCTO,CANTIDAD) values ('178','5677','9','10');
Insert into VENTA (ID_VENTA,ID_FACTURA,ID_PRODUCTO,CANTIDAD) values ('179','5678','2','6');
Insert into VENTA (ID_VENTA,ID_FACTURA,ID_PRODUCTO,CANTIDAD) values ('180','5679','5','3');
Insert into VENTA (ID_VENTA,ID_FACTURA,ID_PRODUCTO,CANTIDAD) values ('181','5680','6','6');
Insert into VENTA (ID_VENTA,ID_FACTURA,ID_PRODUCTO,CANTIDAD) values ('182','5681','3','2');
Insert into VENTA (ID_VENTA,ID_FACTURA,ID_PRODUCTO,CANTIDAD) values ('183','5682','4','4');
Insert into VENTA (ID_VENTA,ID_FACTURA,ID_PRODUCTO,CANTIDAD) values ('184','5683','4','5');
Insert into VENTA (ID_VENTA,ID_FACTURA,ID_PRODUCTO,CANTIDAD) values ('185','5684','10','3');
Insert into VENTA (ID_VENTA,ID_FACTURA,ID_PRODUCTO,CANTIDAD) values ('186','5685','1','6');
Insert into VENTA (ID_VENTA,ID_FACTURA,ID_PRODUCTO,CANTIDAD) values ('187','5686','9','3');
Insert into VENTA (ID_VENTA,ID_FACTURA,ID_PRODUCTO,CANTIDAD) values ('188','5687','7','1');
Insert into VENTA (ID_VENTA,ID_FACTURA,ID_PRODUCTO,CANTIDAD) values ('189','5688','4','3');
Insert into VENTA (ID_VENTA,ID_FACTURA,ID_PRODUCTO,CANTIDAD) values ('190','5689','3','5');
Insert into VENTA (ID_VENTA,ID_FACTURA,ID_PRODUCTO,CANTIDAD) values ('191','5690','2','1');
Insert into VENTA (ID_VENTA,ID_FACTURA,ID_PRODUCTO,CANTIDAD) values ('192','5691','10','9');
Insert into VENTA (ID_VENTA,ID_FACTURA,ID_PRODUCTO,CANTIDAD) values ('193','5692','6','7');
Insert into VENTA (ID_VENTA,ID_FACTURA,ID_PRODUCTO,CANTIDAD) values ('194','5693','3','1');
Insert into VENTA (ID_VENTA,ID_FACTURA,ID_PRODUCTO,CANTIDAD) values ('195','5694','9','9');
Insert into VENTA (ID_VENTA,ID_FACTURA,ID_PRODUCTO,CANTIDAD) values ('196','5695','2','9');
Insert into VENTA (ID_VENTA,ID_FACTURA,ID_PRODUCTO,CANTIDAD) values ('197','5696','10','1');
Insert into VENTA (ID_VENTA,ID_FACTURA,ID_PRODUCTO,CANTIDAD) values ('198','5697','9','6');
Insert into VENTA (ID_VENTA,ID_FACTURA,ID_PRODUCTO,CANTIDAD) values ('199','5698','2','8');
Insert into VENTA (ID_VENTA,ID_FACTURA,ID_PRODUCTO,CANTIDAD) values ('200','5699','10','3');
Insert into VENTA (ID_VENTA,ID_FACTURA,ID_PRODUCTO,CANTIDAD) values ('201','5700','1','3');
Insert into VENTA (ID_VENTA,ID_FACTURA,ID_PRODUCTO,CANTIDAD) values ('202','5701','2','3');
Insert into VENTA (ID_VENTA,ID_FACTURA,ID_PRODUCTO,CANTIDAD) values ('203','5702','7','10');
Insert into VENTA (ID_VENTA,ID_FACTURA,ID_PRODUCTO,CANTIDAD) values ('204','5703','6','7');
Insert into VENTA (ID_VENTA,ID_FACTURA,ID_PRODUCTO,CANTIDAD) values ('205','5704','5','3');
Insert into VENTA (ID_VENTA,ID_FACTURA,ID_PRODUCTO,CANTIDAD) values ('206','5705','1','8');
Insert into VENTA (ID_VENTA,ID_FACTURA,ID_PRODUCTO,CANTIDAD) values ('207','5706','3','3');
Insert into VENTA (ID_VENTA,ID_FACTURA,ID_PRODUCTO,CANTIDAD) values ('208','5707','10','8');
Insert into VENTA (ID_VENTA,ID_FACTURA,ID_PRODUCTO,CANTIDAD) values ('209','5708','9','9');
Insert into VENTA (ID_VENTA,ID_FACTURA,ID_PRODUCTO,CANTIDAD) values ('210','5709','10','2');
Insert into VENTA (ID_VENTA,ID_FACTURA,ID_PRODUCTO,CANTIDAD) values ('211','5710','7','9');
Insert into VENTA (ID_VENTA,ID_FACTURA,ID_PRODUCTO,CANTIDAD) values ('212','5711','4','3');
Insert into VENTA (ID_VENTA,ID_FACTURA,ID_PRODUCTO,CANTIDAD) values ('213','5712','7','4');
Insert into VENTA (ID_VENTA,ID_FACTURA,ID_PRODUCTO,CANTIDAD) values ('214','5713','2','4');
Insert into VENTA (ID_VENTA,ID_FACTURA,ID_PRODUCTO,CANTIDAD) values ('215','5714','6','8');
Insert into VENTA (ID_VENTA,ID_FACTURA,ID_PRODUCTO,CANTIDAD) values ('216','5715','1','8');
Insert into VENTA (ID_VENTA,ID_FACTURA,ID_PRODUCTO,CANTIDAD) values ('217','5716','2','1');
Insert into VENTA (ID_VENTA,ID_FACTURA,ID_PRODUCTO,CANTIDAD) values ('218','5717','1','10');
Insert into VENTA (ID_VENTA,ID_FACTURA,ID_PRODUCTO,CANTIDAD) values ('219','5718','9','8');
Insert into VENTA (ID_VENTA,ID_FACTURA,ID_PRODUCTO,CANTIDAD) values ('220','5719','1','8');
Insert into VENTA (ID_VENTA,ID_FACTURA,ID_PRODUCTO,CANTIDAD) values ('221','5720','5','7');
Insert into VENTA (ID_VENTA,ID_FACTURA,ID_PRODUCTO,CANTIDAD) values ('222','5721','1','2');
Insert into VENTA (ID_VENTA,ID_FACTURA,ID_PRODUCTO,CANTIDAD) values ('223','5722','6','3');
Insert into VENTA (ID_VENTA,ID_FACTURA,ID_PRODUCTO,CANTIDAD) values ('224','5723','4','1');
Insert into VENTA (ID_VENTA,ID_FACTURA,ID_PRODUCTO,CANTIDAD) values ('225','5724','8','7');
Insert into VENTA (ID_VENTA,ID_FACTURA,ID_PRODUCTO,CANTIDAD) values ('226','5725','3','5');
Insert into VENTA (ID_VENTA,ID_FACTURA,ID_PRODUCTO,CANTIDAD) values ('227','5726','8','7');
Insert into VENTA (ID_VENTA,ID_FACTURA,ID_PRODUCTO,CANTIDAD) values ('228','5727','2','2');
Insert into VENTA (ID_VENTA,ID_FACTURA,ID_PRODUCTO,CANTIDAD) values ('229','5728','9','7');
Insert into VENTA (ID_VENTA,ID_FACTURA,ID_PRODUCTO,CANTIDAD) values ('230','5729','8','2');
Insert into VENTA (ID_VENTA,ID_FACTURA,ID_PRODUCTO,CANTIDAD) values ('231','5730','1','2');
Insert into VENTA (ID_VENTA,ID_FACTURA,ID_PRODUCTO,CANTIDAD) values ('232','5731','6','10');
Insert into VENTA (ID_VENTA,ID_FACTURA,ID_PRODUCTO,CANTIDAD) values ('233','5732','4','8');
Insert into VENTA (ID_VENTA,ID_FACTURA,ID_PRODUCTO,CANTIDAD) values ('234','5733','7','1');
Insert into VENTA (ID_VENTA,ID_FACTURA,ID_PRODUCTO,CANTIDAD) values ('235','5734','1','8');
Insert into VENTA (ID_VENTA,ID_FACTURA,ID_PRODUCTO,CANTIDAD) values ('236','5735','10','7');
Insert into VENTA (ID_VENTA,ID_FACTURA,ID_PRODUCTO,CANTIDAD) values ('237','5736','8','9');
Insert into VENTA (ID_VENTA,ID_FACTURA,ID_PRODUCTO,CANTIDAD) values ('238','5737','1','4');
Insert into VENTA (ID_VENTA,ID_FACTURA,ID_PRODUCTO,CANTIDAD) values ('239','5738','1','1');
Insert into VENTA (ID_VENTA,ID_FACTURA,ID_PRODUCTO,CANTIDAD) values ('240','5739','5','7');
Insert into VENTA (ID_VENTA,ID_FACTURA,ID_PRODUCTO,CANTIDAD) values ('241','5740','8','7');
Insert into VENTA (ID_VENTA,ID_FACTURA,ID_PRODUCTO,CANTIDAD) values ('242','5741','2','2');
Insert into VENTA (ID_VENTA,ID_FACTURA,ID_PRODUCTO,CANTIDAD) values ('243','5742','1','4');
Insert into VENTA (ID_VENTA,ID_FACTURA,ID_PRODUCTO,CANTIDAD) values ('244','5743','10','3');
Insert into VENTA (ID_VENTA,ID_FACTURA,ID_PRODUCTO,CANTIDAD) values ('245','5744','8','9');
Insert into VENTA (ID_VENTA,ID_FACTURA,ID_PRODUCTO,CANTIDAD) values ('246','5745','9','6');
Insert into VENTA (ID_VENTA,ID_FACTURA,ID_PRODUCTO,CANTIDAD) values ('247','5746','6','4');
Insert into VENTA (ID_VENTA,ID_FACTURA,ID_PRODUCTO,CANTIDAD) values ('248','5747','2','2');
Insert into VENTA (ID_VENTA,ID_FACTURA,ID_PRODUCTO,CANTIDAD) values ('249','5748','5','9');
Insert into VENTA (ID_VENTA,ID_FACTURA,ID_PRODUCTO,CANTIDAD) values ('250','5749','2','8');
Insert into VENTA (ID_VENTA,ID_FACTURA,ID_PRODUCTO,CANTIDAD) values ('251','5750','3','4');
Insert into VENTA (ID_VENTA,ID_FACTURA,ID_PRODUCTO,CANTIDAD) values ('252','5751','3','8');
Insert into VENTA (ID_VENTA,ID_FACTURA,ID_PRODUCTO,CANTIDAD) values ('253','5752','3','10');
Insert into VENTA (ID_VENTA,ID_FACTURA,ID_PRODUCTO,CANTIDAD) values ('254','5753','1','4');
Insert into VENTA (ID_VENTA,ID_FACTURA,ID_PRODUCTO,CANTIDAD) values ('255','5754','8','9');
Insert into VENTA (ID_VENTA,ID_FACTURA,ID_PRODUCTO,CANTIDAD) values ('256','5755','9','1');
Insert into VENTA (ID_VENTA,ID_FACTURA,ID_PRODUCTO,CANTIDAD) values ('257','5756','1','8');
Insert into VENTA (ID_VENTA,ID_FACTURA,ID_PRODUCTO,CANTIDAD) values ('258','5757','7','7');
Insert into VENTA (ID_VENTA,ID_FACTURA,ID_PRODUCTO,CANTIDAD) values ('259','5758','5','3');
Insert into VENTA (ID_VENTA,ID_FACTURA,ID_PRODUCTO,CANTIDAD) values ('260','5759','1','1');
Insert into VENTA (ID_VENTA,ID_FACTURA,ID_PRODUCTO,CANTIDAD) values ('261','5760','3','10');
Insert into VENTA (ID_VENTA,ID_FACTURA,ID_PRODUCTO,CANTIDAD) values ('262','5761','1','10');
Insert into VENTA (ID_VENTA,ID_FACTURA,ID_PRODUCTO,CANTIDAD) values ('263','5762','3','5');
Insert into VENTA (ID_VENTA,ID_FACTURA,ID_PRODUCTO,CANTIDAD) values ('264','5763','8','10');
Insert into VENTA (ID_VENTA,ID_FACTURA,ID_PRODUCTO,CANTIDAD) values ('265','5764','3','7');
Insert into VENTA (ID_VENTA,ID_FACTURA,ID_PRODUCTO,CANTIDAD) values ('266','5765','7','6');
Insert into VENTA (ID_VENTA,ID_FACTURA,ID_PRODUCTO,CANTIDAD) values ('267','5766','9','3');
Insert into VENTA (ID_VENTA,ID_FACTURA,ID_PRODUCTO,CANTIDAD) values ('268','5767','3','6');
Insert into VENTA (ID_VENTA,ID_FACTURA,ID_PRODUCTO,CANTIDAD) values ('269','5768','2','5');
Insert into VENTA (ID_VENTA,ID_FACTURA,ID_PRODUCTO,CANTIDAD) values ('270','5769','2','5');
Insert into VENTA (ID_VENTA,ID_FACTURA,ID_PRODUCTO,CANTIDAD) values ('271','5770','4','4');
Insert into VENTA (ID_VENTA,ID_FACTURA,ID_PRODUCTO,CANTIDAD) values ('272','5771','4','5');
Insert into VENTA (ID_VENTA,ID_FACTURA,ID_PRODUCTO,CANTIDAD) values ('273','5772','2','2');
Insert into VENTA (ID_VENTA,ID_FACTURA,ID_PRODUCTO,CANTIDAD) values ('274','5773','8','1');
Insert into VENTA (ID_VENTA,ID_FACTURA,ID_PRODUCTO,CANTIDAD) values ('275','5774','5','3');
Insert into VENTA (ID_VENTA,ID_FACTURA,ID_PRODUCTO,CANTIDAD) values ('276','5775','9','4');
Insert into VENTA (ID_VENTA,ID_FACTURA,ID_PRODUCTO,CANTIDAD) values ('277','5776','7','7');
Insert into VENTA (ID_VENTA,ID_FACTURA,ID_PRODUCTO,CANTIDAD) values ('278','5777','8','6');
Insert into VENTA (ID_VENTA,ID_FACTURA,ID_PRODUCTO,CANTIDAD) values ('279','5778','4','6');
Insert into VENTA (ID_VENTA,ID_FACTURA,ID_PRODUCTO,CANTIDAD) values ('280','5779','3','3');
Insert into VENTA (ID_VENTA,ID_FACTURA,ID_PRODUCTO,CANTIDAD) values ('281','5780','9','1');
Insert into VENTA (ID_VENTA,ID_FACTURA,ID_PRODUCTO,CANTIDAD) values ('282','5781','2','2');
Insert into VENTA (ID_VENTA,ID_FACTURA,ID_PRODUCTO,CANTIDAD) values ('283','5782','8','6');
Insert into VENTA (ID_VENTA,ID_FACTURA,ID_PRODUCTO,CANTIDAD) values ('284','5783','9','7');
Insert into VENTA (ID_VENTA,ID_FACTURA,ID_PRODUCTO,CANTIDAD) values ('285','5784','5','1');
Insert into VENTA (ID_VENTA,ID_FACTURA,ID_PRODUCTO,CANTIDAD) values ('286','5785','5','10');
Insert into VENTA (ID_VENTA,ID_FACTURA,ID_PRODUCTO,CANTIDAD) values ('287','5786','10','2');
Insert into VENTA (ID_VENTA,ID_FACTURA,ID_PRODUCTO,CANTIDAD) values ('288','5787','3','2');
Insert into VENTA (ID_VENTA,ID_FACTURA,ID_PRODUCTO,CANTIDAD) values ('289','5788','1','4');
Insert into VENTA (ID_VENTA,ID_FACTURA,ID_PRODUCTO,CANTIDAD) values ('290','5789','9','10');
Insert into VENTA (ID_VENTA,ID_FACTURA,ID_PRODUCTO,CANTIDAD) values ('291','5790','8','10');
Insert into VENTA (ID_VENTA,ID_FACTURA,ID_PRODUCTO,CANTIDAD) values ('292','5791','3','9');
Insert into VENTA (ID_VENTA,ID_FACTURA,ID_PRODUCTO,CANTIDAD) values ('293','5792','10','9');
Insert into VENTA (ID_VENTA,ID_FACTURA,ID_PRODUCTO,CANTIDAD) values ('294','5793','5','2');
Insert into VENTA (ID_VENTA,ID_FACTURA,ID_PRODUCTO,CANTIDAD) values ('295','5794','5','1');
Insert into VENTA (ID_VENTA,ID_FACTURA,ID_PRODUCTO,CANTIDAD) values ('296','5795','3','8');
Insert into VENTA (ID_VENTA,ID_FACTURA,ID_PRODUCTO,CANTIDAD) values ('297','5796','7','6');
Insert into VENTA (ID_VENTA,ID_FACTURA,ID_PRODUCTO,CANTIDAD) values ('298','5797','6','1');
Insert into VENTA (ID_VENTA,ID_FACTURA,ID_PRODUCTO,CANTIDAD) values ('299','5798','8','7');
Insert into VENTA (ID_VENTA,ID_FACTURA,ID_PRODUCTO,CANTIDAD) values ('300','5799','1','2');
Insert into VENTA (ID_VENTA,ID_FACTURA,ID_PRODUCTO,CANTIDAD) values ('301','5800','1','2');
Insert into VENTA (ID_VENTA,ID_FACTURA,ID_PRODUCTO,CANTIDAD) values ('302','5801','4','3');
Insert into VENTA (ID_VENTA,ID_FACTURA,ID_PRODUCTO,CANTIDAD) values ('303','5802','2','3');
Insert into VENTA (ID_VENTA,ID_FACTURA,ID_PRODUCTO,CANTIDAD) values ('304','5803','1','10');
Insert into VENTA (ID_VENTA,ID_FACTURA,ID_PRODUCTO,CANTIDAD) values ('305','5804','1','4');
Insert into VENTA (ID_VENTA,ID_FACTURA,ID_PRODUCTO,CANTIDAD) values ('306','5805','7','1');
Insert into VENTA (ID_VENTA,ID_FACTURA,ID_PRODUCTO,CANTIDAD) values ('307','5806','5','6');
Insert into VENTA (ID_VENTA,ID_FACTURA,ID_PRODUCTO,CANTIDAD) values ('308','5807','6','10');
Insert into VENTA (ID_VENTA,ID_FACTURA,ID_PRODUCTO,CANTIDAD) values ('309','5808','7','8');
Insert into VENTA (ID_VENTA,ID_FACTURA,ID_PRODUCTO,CANTIDAD) values ('310','5809','5','8');
Insert into VENTA (ID_VENTA,ID_FACTURA,ID_PRODUCTO,CANTIDAD) values ('311','5810','10','7');
Insert into VENTA (ID_VENTA,ID_FACTURA,ID_PRODUCTO,CANTIDAD) values ('312','5811','6','7');
Insert into VENTA (ID_VENTA,ID_FACTURA,ID_PRODUCTO,CANTIDAD) values ('313','5812','3','5');
Insert into VENTA (ID_VENTA,ID_FACTURA,ID_PRODUCTO,CANTIDAD) values ('314','5813','3','10');
Insert into VENTA (ID_VENTA,ID_FACTURA,ID_PRODUCTO,CANTIDAD) values ('315','5814','9','1');
Insert into VENTA (ID_VENTA,ID_FACTURA,ID_PRODUCTO,CANTIDAD) values ('316','5815','4','6');
Insert into VENTA (ID_VENTA,ID_FACTURA,ID_PRODUCTO,CANTIDAD) values ('317','5816','3','10');
Insert into VENTA (ID_VENTA,ID_FACTURA,ID_PRODUCTO,CANTIDAD) values ('318','5817','1','4');
Insert into VENTA (ID_VENTA,ID_FACTURA,ID_PRODUCTO,CANTIDAD) values ('319','5818','3','7');
Insert into VENTA (ID_VENTA,ID_FACTURA,ID_PRODUCTO,CANTIDAD) values ('320','5819','3','6');
Insert into VENTA (ID_VENTA,ID_FACTURA,ID_PRODUCTO,CANTIDAD) values ('321','5820','1','2');
Insert into VENTA (ID_VENTA,ID_FACTURA,ID_PRODUCTO,CANTIDAD) values ('322','5821','9','5');
Insert into VENTA (ID_VENTA,ID_FACTURA,ID_PRODUCTO,CANTIDAD) values ('323','5822','1','5');
Insert into VENTA (ID_VENTA,ID_FACTURA,ID_PRODUCTO,CANTIDAD) values ('324','5823','1','5');
Insert into VENTA (ID_VENTA,ID_FACTURA,ID_PRODUCTO,CANTIDAD) values ('325','5824','9','7');
Insert into VENTA (ID_VENTA,ID_FACTURA,ID_PRODUCTO,CANTIDAD) values ('326','5825','7','4');
Insert into VENTA (ID_VENTA,ID_FACTURA,ID_PRODUCTO,CANTIDAD) values ('327','5826','7','3');
Insert into VENTA (ID_VENTA,ID_FACTURA,ID_PRODUCTO,CANTIDAD) values ('328','5827','4','1');
Insert into VENTA (ID_VENTA,ID_FACTURA,ID_PRODUCTO,CANTIDAD) values ('329','5828','6','10');
Insert into VENTA (ID_VENTA,ID_FACTURA,ID_PRODUCTO,CANTIDAD) values ('330','5829','5','4');
Insert into VENTA (ID_VENTA,ID_FACTURA,ID_PRODUCTO,CANTIDAD) values ('331','5830','6','4');
Insert into VENTA (ID_VENTA,ID_FACTURA,ID_PRODUCTO,CANTIDAD) values ('332','5831','9','2');
Insert into VENTA (ID_VENTA,ID_FACTURA,ID_PRODUCTO,CANTIDAD) values ('333','5832','9','3');
Insert into VENTA (ID_VENTA,ID_FACTURA,ID_PRODUCTO,CANTIDAD) values ('334','5833','4','4');
Insert into VENTA (ID_VENTA,ID_FACTURA,ID_PRODUCTO,CANTIDAD) values ('335','5834','1','3');
Insert into VENTA (ID_VENTA,ID_FACTURA,ID_PRODUCTO,CANTIDAD) values ('336','5835','3','8');
Insert into VENTA (ID_VENTA,ID_FACTURA,ID_PRODUCTO,CANTIDAD) values ('337','5836','4','10');
Insert into VENTA (ID_VENTA,ID_FACTURA,ID_PRODUCTO,CANTIDAD) values ('338','5837','8','2');
Insert into VENTA (ID_VENTA,ID_FACTURA,ID_PRODUCTO,CANTIDAD) values ('339','5838','4','9');
Insert into VENTA (ID_VENTA,ID_FACTURA,ID_PRODUCTO,CANTIDAD) values ('340','5839','3','9');
Insert into VENTA (ID_VENTA,ID_FACTURA,ID_PRODUCTO,CANTIDAD) values ('341','5840','5','2');
Insert into VENTA (ID_VENTA,ID_FACTURA,ID_PRODUCTO,CANTIDAD) values ('342','5841','5','2');
Insert into VENTA (ID_VENTA,ID_FACTURA,ID_PRODUCTO,CANTIDAD) values ('343','5842','9','3');
Insert into VENTA (ID_VENTA,ID_FACTURA,ID_PRODUCTO,CANTIDAD) values ('344','5843','9','4');
Insert into VENTA (ID_VENTA,ID_FACTURA,ID_PRODUCTO,CANTIDAD) values ('345','5844','9','8');
Insert into VENTA (ID_VENTA,ID_FACTURA,ID_PRODUCTO,CANTIDAD) values ('346','5845','9','3');
Insert into VENTA (ID_VENTA,ID_FACTURA,ID_PRODUCTO,CANTIDAD) values ('347','5846','2','4');
Insert into VENTA (ID_VENTA,ID_FACTURA,ID_PRODUCTO,CANTIDAD) values ('348','5847','7','6');
Insert into VENTA (ID_VENTA,ID_FACTURA,ID_PRODUCTO,CANTIDAD) values ('349','5848','1','4');
Insert into VENTA (ID_VENTA,ID_FACTURA,ID_PRODUCTO,CANTIDAD) values ('350','5849','9','3');
Insert into VENTA (ID_VENTA,ID_FACTURA,ID_PRODUCTO,CANTIDAD) values ('351','5850','9','6');
Insert into VENTA (ID_VENTA,ID_FACTURA,ID_PRODUCTO,CANTIDAD) values ('352','5851','1','7');
Insert into VENTA (ID_VENTA,ID_FACTURA,ID_PRODUCTO,CANTIDAD) values ('353','5852','5','8');
Insert into VENTA (ID_VENTA,ID_FACTURA,ID_PRODUCTO,CANTIDAD) values ('354','5853','1','2');
Insert into VENTA (ID_VENTA,ID_FACTURA,ID_PRODUCTO,CANTIDAD) values ('355','5854','3','1');
Insert into VENTA (ID_VENTA,ID_FACTURA,ID_PRODUCTO,CANTIDAD) values ('356','5855','8','10');
Insert into VENTA (ID_VENTA,ID_FACTURA,ID_PRODUCTO,CANTIDAD) values ('357','5856','3','5');
Insert into VENTA (ID_VENTA,ID_FACTURA,ID_PRODUCTO,CANTIDAD) values ('358','5857','6','9');
Insert into VENTA (ID_VENTA,ID_FACTURA,ID_PRODUCTO,CANTIDAD) values ('359','5858','7','1');
Insert into VENTA (ID_VENTA,ID_FACTURA,ID_PRODUCTO,CANTIDAD) values ('360','5859','5','3');
Insert into VENTA (ID_VENTA,ID_FACTURA,ID_PRODUCTO,CANTIDAD) values ('361','5860','9','10');
Insert into VENTA (ID_VENTA,ID_FACTURA,ID_PRODUCTO,CANTIDAD) values ('362','5861','5','9');
Insert into VENTA (ID_VENTA,ID_FACTURA,ID_PRODUCTO,CANTIDAD) values ('363','5862','4','9');
Insert into VENTA (ID_VENTA,ID_FACTURA,ID_PRODUCTO,CANTIDAD) values ('364','5863','1','8');
Insert into VENTA (ID_VENTA,ID_FACTURA,ID_PRODUCTO,CANTIDAD) values ('365','5864','5','5');
Insert into VENTA (ID_VENTA,ID_FACTURA,ID_PRODUCTO,CANTIDAD) values ('366','5865','10','2');
Insert into VENTA (ID_VENTA,ID_FACTURA,ID_PRODUCTO,CANTIDAD) values ('367','5866','7','6');
Insert into VENTA (ID_VENTA,ID_FACTURA,ID_PRODUCTO,CANTIDAD) values ('368','5867','2','7');
Insert into VENTA (ID_VENTA,ID_FACTURA,ID_PRODUCTO,CANTIDAD) values ('369','5868','6','1');
Insert into VENTA (ID_VENTA,ID_FACTURA,ID_PRODUCTO,CANTIDAD) values ('370','5869','4','1');
Insert into VENTA (ID_VENTA,ID_FACTURA,ID_PRODUCTO,CANTIDAD) values ('371','5870','9','2');
Insert into VENTA (ID_VENTA,ID_FACTURA,ID_PRODUCTO,CANTIDAD) values ('372','5871','9','9');
Insert into VENTA (ID_VENTA,ID_FACTURA,ID_PRODUCTO,CANTIDAD) values ('373','5872','8','6');
Insert into VENTA (ID_VENTA,ID_FACTURA,ID_PRODUCTO,CANTIDAD) values ('374','5873','2','9');
Insert into VENTA (ID_VENTA,ID_FACTURA,ID_PRODUCTO,CANTIDAD) values ('375','5874','10','10');
Insert into VENTA (ID_VENTA,ID_FACTURA,ID_PRODUCTO,CANTIDAD) values ('376','5875','5','1');
Insert into VENTA (ID_VENTA,ID_FACTURA,ID_PRODUCTO,CANTIDAD) values ('377','5876','4','5');
Insert into VENTA (ID_VENTA,ID_FACTURA,ID_PRODUCTO,CANTIDAD) values ('378','5877','4','8');
Insert into VENTA (ID_VENTA,ID_FACTURA,ID_PRODUCTO,CANTIDAD) values ('379','5878','1','3');
Insert into VENTA (ID_VENTA,ID_FACTURA,ID_PRODUCTO,CANTIDAD) values ('380','5879','2','5');
Insert into VENTA (ID_VENTA,ID_FACTURA,ID_PRODUCTO,CANTIDAD) values ('381','5880','10','7');
Insert into VENTA (ID_VENTA,ID_FACTURA,ID_PRODUCTO,CANTIDAD) values ('382','5881','5','10');
Insert into VENTA (ID_VENTA,ID_FACTURA,ID_PRODUCTO,CANTIDAD) values ('383','5882','4','10');
Insert into VENTA (ID_VENTA,ID_FACTURA,ID_PRODUCTO,CANTIDAD) values ('384','5883','3','9');
Insert into VENTA (ID_VENTA,ID_FACTURA,ID_PRODUCTO,CANTIDAD) values ('385','5884','3','5');
Insert into VENTA (ID_VENTA,ID_FACTURA,ID_PRODUCTO,CANTIDAD) values ('386','5885','9','8');
Insert into VENTA (ID_VENTA,ID_FACTURA,ID_PRODUCTO,CANTIDAD) values ('387','5886','3','7');
Insert into VENTA (ID_VENTA,ID_FACTURA,ID_PRODUCTO,CANTIDAD) values ('388','5887','3','7');
Insert into VENTA (ID_VENTA,ID_FACTURA,ID_PRODUCTO,CANTIDAD) values ('389','5888','10','3');
Insert into VENTA (ID_VENTA,ID_FACTURA,ID_PRODUCTO,CANTIDAD) values ('390','5889','8','7');
Insert into VENTA (ID_VENTA,ID_FACTURA,ID_PRODUCTO,CANTIDAD) values ('391','5890','2','8');
Insert into VENTA (ID_VENTA,ID_FACTURA,ID_PRODUCTO,CANTIDAD) values ('392','5891','3','7');
Insert into VENTA (ID_VENTA,ID_FACTURA,ID_PRODUCTO,CANTIDAD) values ('393','5892','8','1');
Insert into VENTA (ID_VENTA,ID_FACTURA,ID_PRODUCTO,CANTIDAD) values ('394','5893','4','2');
Insert into VENTA (ID_VENTA,ID_FACTURA,ID_PRODUCTO,CANTIDAD) values ('395','5894','8','1');
Insert into VENTA (ID_VENTA,ID_FACTURA,ID_PRODUCTO,CANTIDAD) values ('396','5895','4','6');
Insert into VENTA (ID_VENTA,ID_FACTURA,ID_PRODUCTO,CANTIDAD) values ('397','5896','7','3');
Insert into VENTA (ID_VENTA,ID_FACTURA,ID_PRODUCTO,CANTIDAD) values ('398','5897','8','10');
Insert into VENTA (ID_VENTA,ID_FACTURA,ID_PRODUCTO,CANTIDAD) values ('399','5898','4','7');
Insert into VENTA (ID_VENTA,ID_FACTURA,ID_PRODUCTO,CANTIDAD) values ('400','5899','9','9');
Insert into VENTA (ID_VENTA,ID_FACTURA,ID_PRODUCTO,CANTIDAD) values ('401','5900','7','3');
Insert into VENTA (ID_VENTA,ID_FACTURA,ID_PRODUCTO,CANTIDAD) values ('402','5901','2','5');
Insert into VENTA (ID_VENTA,ID_FACTURA,ID_PRODUCTO,CANTIDAD) values ('403','5902','4','1');
Insert into VENTA (ID_VENTA,ID_FACTURA,ID_PRODUCTO,CANTIDAD) values ('404','5903','6','6');
Insert into VENTA (ID_VENTA,ID_FACTURA,ID_PRODUCTO,CANTIDAD) values ('405','5904','2','1');
Insert into VENTA (ID_VENTA,ID_FACTURA,ID_PRODUCTO,CANTIDAD) values ('406','5905','2','7');
Insert into VENTA (ID_VENTA,ID_FACTURA,ID_PRODUCTO,CANTIDAD) values ('407','5906','3','6');
Insert into VENTA (ID_VENTA,ID_FACTURA,ID_PRODUCTO,CANTIDAD) values ('408','5907','1','1');
Insert into VENTA (ID_VENTA,ID_FACTURA,ID_PRODUCTO,CANTIDAD) values ('409','5908','7','1');
Insert into VENTA (ID_VENTA,ID_FACTURA,ID_PRODUCTO,CANTIDAD) values ('410','5909','9','10');
Insert into VENTA (ID_VENTA,ID_FACTURA,ID_PRODUCTO,CANTIDAD) values ('411','5910','4','10');
Insert into VENTA (ID_VENTA,ID_FACTURA,ID_PRODUCTO,CANTIDAD) values ('412','5911','9','10');
Insert into VENTA (ID_VENTA,ID_FACTURA,ID_PRODUCTO,CANTIDAD) values ('413','5912','1','3');
Insert into VENTA (ID_VENTA,ID_FACTURA,ID_PRODUCTO,CANTIDAD) values ('414','5913','5','2');
Insert into VENTA (ID_VENTA,ID_FACTURA,ID_PRODUCTO,CANTIDAD) values ('415','5914','2','1');
Insert into VENTA (ID_VENTA,ID_FACTURA,ID_PRODUCTO,CANTIDAD) values ('416','5915','5','6');
Insert into VENTA (ID_VENTA,ID_FACTURA,ID_PRODUCTO,CANTIDAD) values ('417','5916','8','4');
Insert into VENTA (ID_VENTA,ID_FACTURA,ID_PRODUCTO,CANTIDAD) values ('418','5917','2','3');
Insert into VENTA (ID_VENTA,ID_FACTURA,ID_PRODUCTO,CANTIDAD) values ('419','5918','3','5');
Insert into VENTA (ID_VENTA,ID_FACTURA,ID_PRODUCTO,CANTIDAD) values ('420','5919','10','4');
Insert into VENTA (ID_VENTA,ID_FACTURA,ID_PRODUCTO,CANTIDAD) values ('421','5920','10','3');
Insert into VENTA (ID_VENTA,ID_FACTURA,ID_PRODUCTO,CANTIDAD) values ('422','5921','9','8');
Insert into VENTA (ID_VENTA,ID_FACTURA,ID_PRODUCTO,CANTIDAD) values ('423','5922','2','1');
Insert into VENTA (ID_VENTA,ID_FACTURA,ID_PRODUCTO,CANTIDAD) values ('424','5923','10','3');
Insert into VENTA (ID_VENTA,ID_FACTURA,ID_PRODUCTO,CANTIDAD) values ('425','5924','1','9');
Insert into VENTA (ID_VENTA,ID_FACTURA,ID_PRODUCTO,CANTIDAD) values ('426','5925','6','5');
Insert into VENTA (ID_VENTA,ID_FACTURA,ID_PRODUCTO,CANTIDAD) values ('427','5926','10','3');
Insert into VENTA (ID_VENTA,ID_FACTURA,ID_PRODUCTO,CANTIDAD) values ('428','5927','7','1');
Insert into VENTA (ID_VENTA,ID_FACTURA,ID_PRODUCTO,CANTIDAD) values ('429','5928','1','10');
Insert into VENTA (ID_VENTA,ID_FACTURA,ID_PRODUCTO,CANTIDAD) values ('430','5929','10','7');
Insert into VENTA (ID_VENTA,ID_FACTURA,ID_PRODUCTO,CANTIDAD) values ('431','5930','5','6');
Insert into VENTA (ID_VENTA,ID_FACTURA,ID_PRODUCTO,CANTIDAD) values ('432','5931','8','3');
Insert into VENTA (ID_VENTA,ID_FACTURA,ID_PRODUCTO,CANTIDAD) values ('433','5932','1','5');
Insert into VENTA (ID_VENTA,ID_FACTURA,ID_PRODUCTO,CANTIDAD) values ('434','5933','5','2');
Insert into VENTA (ID_VENTA,ID_FACTURA,ID_PRODUCTO,CANTIDAD) values ('435','5934','4','2');
Insert into VENTA (ID_VENTA,ID_FACTURA,ID_PRODUCTO,CANTIDAD) values ('436','5935','9','10');
Insert into VENTA (ID_VENTA,ID_FACTURA,ID_PRODUCTO,CANTIDAD) values ('437','5936','3','3');
Insert into VENTA (ID_VENTA,ID_FACTURA,ID_PRODUCTO,CANTIDAD) values ('438','5937','1','8');
Insert into VENTA (ID_VENTA,ID_FACTURA,ID_PRODUCTO,CANTIDAD) values ('439','5938','9','2');
Insert into VENTA (ID_VENTA,ID_FACTURA,ID_PRODUCTO,CANTIDAD) values ('440','5939','8','1');
Insert into VENTA (ID_VENTA,ID_FACTURA,ID_PRODUCTO,CANTIDAD) values ('441','5940','2','6');
Insert into VENTA (ID_VENTA,ID_FACTURA,ID_PRODUCTO,CANTIDAD) values ('442','5941','7','9');
Insert into VENTA (ID_VENTA,ID_FACTURA,ID_PRODUCTO,CANTIDAD) values ('443','5942','10','10');
Insert into VENTA (ID_VENTA,ID_FACTURA,ID_PRODUCTO,CANTIDAD) values ('444','5943','4','10');
Insert into VENTA (ID_VENTA,ID_FACTURA,ID_PRODUCTO,CANTIDAD) values ('445','5944','8','4');
Insert into VENTA (ID_VENTA,ID_FACTURA,ID_PRODUCTO,CANTIDAD) values ('446','5945','6','6');
Insert into VENTA (ID_VENTA,ID_FACTURA,ID_PRODUCTO,CANTIDAD) values ('447','5946','7','9');
Insert into VENTA (ID_VENTA,ID_FACTURA,ID_PRODUCTO,CANTIDAD) values ('448','5947','10','6');
Insert into VENTA (ID_VENTA,ID_FACTURA,ID_PRODUCTO,CANTIDAD) values ('449','5948','7','5');
Insert into VENTA (ID_VENTA,ID_FACTURA,ID_PRODUCTO,CANTIDAD) values ('450','5949','6','5');
Insert into VENTA (ID_VENTA,ID_FACTURA,ID_PRODUCTO,CANTIDAD) values ('451','5950','1','1');
Insert into VENTA (ID_VENTA,ID_FACTURA,ID_PRODUCTO,CANTIDAD) values ('452','5951','9','4');
Insert into VENTA (ID_VENTA,ID_FACTURA,ID_PRODUCTO,CANTIDAD) values ('453','5952','2','1');
Insert into VENTA (ID_VENTA,ID_FACTURA,ID_PRODUCTO,CANTIDAD) values ('454','5953','2','5');
Insert into VENTA (ID_VENTA,ID_FACTURA,ID_PRODUCTO,CANTIDAD) values ('455','5954','7','8');
Insert into VENTA (ID_VENTA,ID_FACTURA,ID_PRODUCTO,CANTIDAD) values ('456','5955','10','4');
Insert into VENTA (ID_VENTA,ID_FACTURA,ID_PRODUCTO,CANTIDAD) values ('457','5956','2','5');
Insert into VENTA (ID_VENTA,ID_FACTURA,ID_PRODUCTO,CANTIDAD) values ('458','5957','10','8');
Insert into VENTA (ID_VENTA,ID_FACTURA,ID_PRODUCTO,CANTIDAD) values ('459','5958','3','4');
Insert into VENTA (ID_VENTA,ID_FACTURA,ID_PRODUCTO,CANTIDAD) values ('460','5959','9','1');
Insert into VENTA (ID_VENTA,ID_FACTURA,ID_PRODUCTO,CANTIDAD) values ('461','5960','1','4');
Insert into VENTA (ID_VENTA,ID_FACTURA,ID_PRODUCTO,CANTIDAD) values ('462','5961','3','2');
Insert into VENTA (ID_VENTA,ID_FACTURA,ID_PRODUCTO,CANTIDAD) values ('463','5962','8','3');
Insert into VENTA (ID_VENTA,ID_FACTURA,ID_PRODUCTO,CANTIDAD) values ('464','5963','9','9');
Insert into VENTA (ID_VENTA,ID_FACTURA,ID_PRODUCTO,CANTIDAD) values ('465','5964','1','10');
Insert into VENTA (ID_VENTA,ID_FACTURA,ID_PRODUCTO,CANTIDAD) values ('466','5965','3','2');
Insert into VENTA (ID_VENTA,ID_FACTURA,ID_PRODUCTO,CANTIDAD) values ('467','5966','5','6');
Insert into VENTA (ID_VENTA,ID_FACTURA,ID_PRODUCTO,CANTIDAD) values ('468','5967','6','3');
Insert into VENTA (ID_VENTA,ID_FACTURA,ID_PRODUCTO,CANTIDAD) values ('469','5968','3','2');
Insert into VENTA (ID_VENTA,ID_FACTURA,ID_PRODUCTO,CANTIDAD) values ('470','5969','9','6');
Insert into VENTA (ID_VENTA,ID_FACTURA,ID_PRODUCTO,CANTIDAD) values ('471','5970','3','3');
Insert into VENTA (ID_VENTA,ID_FACTURA,ID_PRODUCTO,CANTIDAD) values ('472','5971','1','9');
Insert into VENTA (ID_VENTA,ID_FACTURA,ID_PRODUCTO,CANTIDAD) values ('473','5972','9','8');
Insert into VENTA (ID_VENTA,ID_FACTURA,ID_PRODUCTO,CANTIDAD) values ('474','5973','9','3');
Insert into VENTA (ID_VENTA,ID_FACTURA,ID_PRODUCTO,CANTIDAD) values ('475','5974','5','9');
Insert into VENTA (ID_VENTA,ID_FACTURA,ID_PRODUCTO,CANTIDAD) values ('476','5975','10','9');
Insert into VENTA (ID_VENTA,ID_FACTURA,ID_PRODUCTO,CANTIDAD) values ('477','5976','6','4');
Insert into VENTA (ID_VENTA,ID_FACTURA,ID_PRODUCTO,CANTIDAD) values ('478','5977','6','10');
Insert into VENTA (ID_VENTA,ID_FACTURA,ID_PRODUCTO,CANTIDAD) values ('479','5978','5','2');
Insert into VENTA (ID_VENTA,ID_FACTURA,ID_PRODUCTO,CANTIDAD) values ('480','5979','4','5');
Insert into VENTA (ID_VENTA,ID_FACTURA,ID_PRODUCTO,CANTIDAD) values ('481','5980','7','9');
Insert into VENTA (ID_VENTA,ID_FACTURA,ID_PRODUCTO,CANTIDAD) values ('482','5981','4','10');
Insert into VENTA (ID_VENTA,ID_FACTURA,ID_PRODUCTO,CANTIDAD) values ('483','5982','8','1');
Insert into VENTA (ID_VENTA,ID_FACTURA,ID_PRODUCTO,CANTIDAD) values ('484','5983','1','1');
Insert into VENTA (ID_VENTA,ID_FACTURA,ID_PRODUCTO,CANTIDAD) values ('485','5984','1','10');
Insert into VENTA (ID_VENTA,ID_FACTURA,ID_PRODUCTO,CANTIDAD) values ('486','5985','1','8');
Insert into VENTA (ID_VENTA,ID_FACTURA,ID_PRODUCTO,CANTIDAD) values ('487','5986','4','4');
Insert into VENTA (ID_VENTA,ID_FACTURA,ID_PRODUCTO,CANTIDAD) values ('488','5987','7','5');
Insert into VENTA (ID_VENTA,ID_FACTURA,ID_PRODUCTO,CANTIDAD) values ('489','5988','3','4');
Insert into VENTA (ID_VENTA,ID_FACTURA,ID_PRODUCTO,CANTIDAD) values ('490','5989','9','5');
Insert into VENTA (ID_VENTA,ID_FACTURA,ID_PRODUCTO,CANTIDAD) values ('491','5990','3','9');
Insert into VENTA (ID_VENTA,ID_FACTURA,ID_PRODUCTO,CANTIDAD) values ('492','5991','6','1');
Insert into VENTA (ID_VENTA,ID_FACTURA,ID_PRODUCTO,CANTIDAD) values ('493','5992','8','5');
Insert into VENTA (ID_VENTA,ID_FACTURA,ID_PRODUCTO,CANTIDAD) values ('494','5993','5','9');
Insert into VENTA (ID_VENTA,ID_FACTURA,ID_PRODUCTO,CANTIDAD) values ('495','5994','10','4');
Insert into VENTA (ID_VENTA,ID_FACTURA,ID_PRODUCTO,CANTIDAD) values ('496','5995','5','8');
Insert into VENTA (ID_VENTA,ID_FACTURA,ID_PRODUCTO,CANTIDAD) values ('497','5996','10','3');
Insert into VENTA (ID_VENTA,ID_FACTURA,ID_PRODUCTO,CANTIDAD) values ('498','5997','8','4');
Insert into VENTA (ID_VENTA,ID_FACTURA,ID_PRODUCTO,CANTIDAD) values ('499','5998','8','2');
Insert into VENTA (ID_VENTA,ID_FACTURA,ID_PRODUCTO,CANTIDAD) values ('500','5999','4','5');
REM INSERTING into FACTURA
SET DEFINE OFF;
Insert into FACTURA (ID_FACTURA,FECHA,ID_CLIENTE) values ('5500',to_date('24/05/19','DD/MM/RR'),'80');
Insert into FACTURA (ID_FACTURA,FECHA,ID_CLIENTE) values ('5501',to_date('19/08/20','DD/MM/RR'),'15');
Insert into FACTURA (ID_FACTURA,FECHA,ID_CLIENTE) values ('5502',to_date('24/07/19','DD/MM/RR'),'39');
Insert into FACTURA (ID_FACTURA,FECHA,ID_CLIENTE) values ('5503',to_date('12/05/19','DD/MM/RR'),'62');
Insert into FACTURA (ID_FACTURA,FECHA,ID_CLIENTE) values ('5504',to_date('10/06/19','DD/MM/RR'),'83');
Insert into FACTURA (ID_FACTURA,FECHA,ID_CLIENTE) values ('5505',to_date('09/04/19','DD/MM/RR'),'17');
Insert into FACTURA (ID_FACTURA,FECHA,ID_CLIENTE) values ('5506',to_date('01/05/20','DD/MM/RR'),'48');
Insert into FACTURA (ID_FACTURA,FECHA,ID_CLIENTE) values ('5507',to_date('13/11/20','DD/MM/RR'),'77');
Insert into FACTURA (ID_FACTURA,FECHA,ID_CLIENTE) values ('5508',to_date('14/09/20','DD/MM/RR'),'30');
Insert into FACTURA (ID_FACTURA,FECHA,ID_CLIENTE) values ('5509',to_date('21/10/20','DD/MM/RR'),'99');
Insert into FACTURA (ID_FACTURA,FECHA,ID_CLIENTE) values ('5510',to_date('23/04/19','DD/MM/RR'),'30');
Insert into FACTURA (ID_FACTURA,FECHA,ID_CLIENTE) values ('5511',to_date('10/12/20','DD/MM/RR'),'92');
Insert into FACTURA (ID_FACTURA,FECHA,ID_CLIENTE) values ('5512',to_date('23/09/19','DD/MM/RR'),'38');
Insert into FACTURA (ID_FACTURA,FECHA,ID_CLIENTE) values ('5513',to_date('29/01/19','DD/MM/RR'),'47');
Insert into FACTURA (ID_FACTURA,FECHA,ID_CLIENTE) values ('5514',to_date('29/12/18','DD/MM/RR'),'12');
Insert into FACTURA (ID_FACTURA,FECHA,ID_CLIENTE) values ('5515',to_date('20/01/19','DD/MM/RR'),'64');
Insert into FACTURA (ID_FACTURA,FECHA,ID_CLIENTE) values ('5516',to_date('27/08/19','DD/MM/RR'),'29');
Insert into FACTURA (ID_FACTURA,FECHA,ID_CLIENTE) values ('5517',to_date('09/06/19','DD/MM/RR'),'47');
Insert into FACTURA (ID_FACTURA,FECHA,ID_CLIENTE) values ('5518',to_date('24/10/20','DD/MM/RR'),'36');
Insert into FACTURA (ID_FACTURA,FECHA,ID_CLIENTE) values ('5519',to_date('28/11/20','DD/MM/RR'),'63');
Insert into FACTURA (ID_FACTURA,FECHA,ID_CLIENTE) values ('5520',to_date('16/03/19','DD/MM/RR'),'56');
Insert into FACTURA (ID_FACTURA,FECHA,ID_CLIENTE) values ('5521',to_date('25/12/18','DD/MM/RR'),'15');
Insert into FACTURA (ID_FACTURA,FECHA,ID_CLIENTE) values ('5522',to_date('24/02/19','DD/MM/RR'),'27');
Insert into FACTURA (ID_FACTURA,FECHA,ID_CLIENTE) values ('5523',to_date('25/09/20','DD/MM/RR'),'79');
Insert into FACTURA (ID_FACTURA,FECHA,ID_CLIENTE) values ('5524',to_date('28/05/20','DD/MM/RR'),'42');
Insert into FACTURA (ID_FACTURA,FECHA,ID_CLIENTE) values ('5525',to_date('07/01/19','DD/MM/RR'),'76');
Insert into FACTURA (ID_FACTURA,FECHA,ID_CLIENTE) values ('5526',to_date('23/09/19','DD/MM/RR'),'84');
Insert into FACTURA (ID_FACTURA,FECHA,ID_CLIENTE) values ('5527',to_date('25/02/19','DD/MM/RR'),'24');
Insert into FACTURA (ID_FACTURA,FECHA,ID_CLIENTE) values ('5528',to_date('12/11/20','DD/MM/RR'),'66');
Insert into FACTURA (ID_FACTURA,FECHA,ID_CLIENTE) values ('5529',to_date('02/01/19','DD/MM/RR'),'26');
Insert into FACTURA (ID_FACTURA,FECHA,ID_CLIENTE) values ('5530',to_date('30/10/19','DD/MM/RR'),'19');
Insert into FACTURA (ID_FACTURA,FECHA,ID_CLIENTE) values ('5531',to_date('22/02/19','DD/MM/RR'),'68');
Insert into FACTURA (ID_FACTURA,FECHA,ID_CLIENTE) values ('5532',to_date('11/06/19','DD/MM/RR'),'61');
Insert into FACTURA (ID_FACTURA,FECHA,ID_CLIENTE) values ('5533',to_date('16/02/20','DD/MM/RR'),'99');
Insert into FACTURA (ID_FACTURA,FECHA,ID_CLIENTE) values ('5534',to_date('14/04/19','DD/MM/RR'),'26');
Insert into FACTURA (ID_FACTURA,FECHA,ID_CLIENTE) values ('5535',to_date('23/11/20','DD/MM/RR'),'77');
Insert into FACTURA (ID_FACTURA,FECHA,ID_CLIENTE) values ('5536',to_date('27/01/20','DD/MM/RR'),'40');
Insert into FACTURA (ID_FACTURA,FECHA,ID_CLIENTE) values ('5537',to_date('23/07/19','DD/MM/RR'),'93');
Insert into FACTURA (ID_FACTURA,FECHA,ID_CLIENTE) values ('5538',to_date('18/03/20','DD/MM/RR'),'92');
Insert into FACTURA (ID_FACTURA,FECHA,ID_CLIENTE) values ('5539',to_date('21/12/20','DD/MM/RR'),'3');
Insert into FACTURA (ID_FACTURA,FECHA,ID_CLIENTE) values ('5540',to_date('23/05/19','DD/MM/RR'),'66');
Insert into FACTURA (ID_FACTURA,FECHA,ID_CLIENTE) values ('5541',to_date('23/11/20','DD/MM/RR'),'100');
Insert into FACTURA (ID_FACTURA,FECHA,ID_CLIENTE) values ('5542',to_date('05/08/19','DD/MM/RR'),'89');
Insert into FACTURA (ID_FACTURA,FECHA,ID_CLIENTE) values ('5543',to_date('25/05/19','DD/MM/RR'),'89');
Insert into FACTURA (ID_FACTURA,FECHA,ID_CLIENTE) values ('5544',to_date('22/03/20','DD/MM/RR'),'77');
Insert into FACTURA (ID_FACTURA,FECHA,ID_CLIENTE) values ('5545',to_date('03/03/19','DD/MM/RR'),'82');
Insert into FACTURA (ID_FACTURA,FECHA,ID_CLIENTE) values ('5546',to_date('05/07/20','DD/MM/RR'),'36');
Insert into FACTURA (ID_FACTURA,FECHA,ID_CLIENTE) values ('5547',to_date('14/08/19','DD/MM/RR'),'29');
Insert into FACTURA (ID_FACTURA,FECHA,ID_CLIENTE) values ('5548',to_date('28/04/19','DD/MM/RR'),'49');
Insert into FACTURA (ID_FACTURA,FECHA,ID_CLIENTE) values ('5549',to_date('16/05/20','DD/MM/RR'),'22');
Insert into FACTURA (ID_FACTURA,FECHA,ID_CLIENTE) values ('5550',to_date('05/11/19','DD/MM/RR'),'87');
Insert into FACTURA (ID_FACTURA,FECHA,ID_CLIENTE) values ('5551',to_date('01/06/19','DD/MM/RR'),'19');
Insert into FACTURA (ID_FACTURA,FECHA,ID_CLIENTE) values ('5552',to_date('08/05/19','DD/MM/RR'),'32');
Insert into FACTURA (ID_FACTURA,FECHA,ID_CLIENTE) values ('5553',to_date('25/12/19','DD/MM/RR'),'23');
Insert into FACTURA (ID_FACTURA,FECHA,ID_CLIENTE) values ('5554',to_date('03/03/19','DD/MM/RR'),'1');
Insert into FACTURA (ID_FACTURA,FECHA,ID_CLIENTE) values ('5555',to_date('22/05/20','DD/MM/RR'),'100');
Insert into FACTURA (ID_FACTURA,FECHA,ID_CLIENTE) values ('5556',to_date('05/12/19','DD/MM/RR'),'21');
Insert into FACTURA (ID_FACTURA,FECHA,ID_CLIENTE) values ('5557',to_date('15/02/20','DD/MM/RR'),'38');
Insert into FACTURA (ID_FACTURA,FECHA,ID_CLIENTE) values ('5558',to_date('01/04/19','DD/MM/RR'),'44');
Insert into FACTURA (ID_FACTURA,FECHA,ID_CLIENTE) values ('5559',to_date('04/07/20','DD/MM/RR'),'77');
Insert into FACTURA (ID_FACTURA,FECHA,ID_CLIENTE) values ('5560',to_date('13/02/19','DD/MM/RR'),'38');
Insert into FACTURA (ID_FACTURA,FECHA,ID_CLIENTE) values ('5561',to_date('14/10/20','DD/MM/RR'),'79');
Insert into FACTURA (ID_FACTURA,FECHA,ID_CLIENTE) values ('5562',to_date('09/10/19','DD/MM/RR'),'44');
Insert into FACTURA (ID_FACTURA,FECHA,ID_CLIENTE) values ('5563',to_date('30/06/19','DD/MM/RR'),'29');
Insert into FACTURA (ID_FACTURA,FECHA,ID_CLIENTE) values ('5564',to_date('13/02/19','DD/MM/RR'),'89');
Insert into FACTURA (ID_FACTURA,FECHA,ID_CLIENTE) values ('5565',to_date('09/02/20','DD/MM/RR'),'39');
Insert into FACTURA (ID_FACTURA,FECHA,ID_CLIENTE) values ('5566',to_date('08/05/19','DD/MM/RR'),'38');
Insert into FACTURA (ID_FACTURA,FECHA,ID_CLIENTE) values ('5567',to_date('15/10/20','DD/MM/RR'),'93');
Insert into FACTURA (ID_FACTURA,FECHA,ID_CLIENTE) values ('5568',to_date('13/03/20','DD/MM/RR'),'69');
Insert into FACTURA (ID_FACTURA,FECHA,ID_CLIENTE) values ('5569',to_date('21/07/20','DD/MM/RR'),'73');
Insert into FACTURA (ID_FACTURA,FECHA,ID_CLIENTE) values ('5570',to_date('22/01/20','DD/MM/RR'),'37');
Insert into FACTURA (ID_FACTURA,FECHA,ID_CLIENTE) values ('5571',to_date('12/11/19','DD/MM/RR'),'35');
Insert into FACTURA (ID_FACTURA,FECHA,ID_CLIENTE) values ('5572',to_date('01/02/20','DD/MM/RR'),'44');
Insert into FACTURA (ID_FACTURA,FECHA,ID_CLIENTE) values ('5573',to_date('22/04/19','DD/MM/RR'),'76');
Insert into FACTURA (ID_FACTURA,FECHA,ID_CLIENTE) values ('5574',to_date('18/01/20','DD/MM/RR'),'51');
Insert into FACTURA (ID_FACTURA,FECHA,ID_CLIENTE) values ('5575',to_date('14/08/19','DD/MM/RR'),'62');
Insert into FACTURA (ID_FACTURA,FECHA,ID_CLIENTE) values ('5576',to_date('27/08/20','DD/MM/RR'),'80');
Insert into FACTURA (ID_FACTURA,FECHA,ID_CLIENTE) values ('5577',to_date('13/06/19','DD/MM/RR'),'37');
Insert into FACTURA (ID_FACTURA,FECHA,ID_CLIENTE) values ('5578',to_date('09/01/20','DD/MM/RR'),'81');
Insert into FACTURA (ID_FACTURA,FECHA,ID_CLIENTE) values ('5579',to_date('18/02/19','DD/MM/RR'),'43');
Insert into FACTURA (ID_FACTURA,FECHA,ID_CLIENTE) values ('5580',to_date('17/10/19','DD/MM/RR'),'20');
Insert into FACTURA (ID_FACTURA,FECHA,ID_CLIENTE) values ('5581',to_date('28/06/20','DD/MM/RR'),'67');
Insert into FACTURA (ID_FACTURA,FECHA,ID_CLIENTE) values ('5582',to_date('30/10/19','DD/MM/RR'),'83');
Insert into FACTURA (ID_FACTURA,FECHA,ID_CLIENTE) values ('5583',to_date('19/04/20','DD/MM/RR'),'89');
Insert into FACTURA (ID_FACTURA,FECHA,ID_CLIENTE) values ('5584',to_date('19/08/19','DD/MM/RR'),'3');
Insert into FACTURA (ID_FACTURA,FECHA,ID_CLIENTE) values ('5585',to_date('07/12/19','DD/MM/RR'),'7');
Insert into FACTURA (ID_FACTURA,FECHA,ID_CLIENTE) values ('5586',to_date('03/03/20','DD/MM/RR'),'18');
Insert into FACTURA (ID_FACTURA,FECHA,ID_CLIENTE) values ('5587',to_date('11/01/19','DD/MM/RR'),'76');
Insert into FACTURA (ID_FACTURA,FECHA,ID_CLIENTE) values ('5588',to_date('02/07/20','DD/MM/RR'),'98');
Insert into FACTURA (ID_FACTURA,FECHA,ID_CLIENTE) values ('5589',to_date('05/09/19','DD/MM/RR'),'4');
Insert into FACTURA (ID_FACTURA,FECHA,ID_CLIENTE) values ('5590',to_date('22/06/19','DD/MM/RR'),'21');
Insert into FACTURA (ID_FACTURA,FECHA,ID_CLIENTE) values ('5591',to_date('09/02/20','DD/MM/RR'),'77');
Insert into FACTURA (ID_FACTURA,FECHA,ID_CLIENTE) values ('5592',to_date('30/08/19','DD/MM/RR'),'7');
Insert into FACTURA (ID_FACTURA,FECHA,ID_CLIENTE) values ('5593',to_date('28/01/20','DD/MM/RR'),'92');
Insert into FACTURA (ID_FACTURA,FECHA,ID_CLIENTE) values ('5594',to_date('05/10/20','DD/MM/RR'),'8');
Insert into FACTURA (ID_FACTURA,FECHA,ID_CLIENTE) values ('5595',to_date('08/09/20','DD/MM/RR'),'64');
Insert into FACTURA (ID_FACTURA,FECHA,ID_CLIENTE) values ('5596',to_date('19/12/19','DD/MM/RR'),'46');
Insert into FACTURA (ID_FACTURA,FECHA,ID_CLIENTE) values ('5597',to_date('24/02/20','DD/MM/RR'),'62');
Insert into FACTURA (ID_FACTURA,FECHA,ID_CLIENTE) values ('5598',to_date('27/04/19','DD/MM/RR'),'66');
Insert into FACTURA (ID_FACTURA,FECHA,ID_CLIENTE) values ('5599',to_date('12/08/20','DD/MM/RR'),'82');
Insert into FACTURA (ID_FACTURA,FECHA,ID_CLIENTE) values ('5600',to_date('16/12/20','DD/MM/RR'),'41');
Insert into FACTURA (ID_FACTURA,FECHA,ID_CLIENTE) values ('5601',to_date('14/06/20','DD/MM/RR'),'31');
Insert into FACTURA (ID_FACTURA,FECHA,ID_CLIENTE) values ('5602',to_date('17/07/19','DD/MM/RR'),'10');
Insert into FACTURA (ID_FACTURA,FECHA,ID_CLIENTE) values ('5603',to_date('26/08/19','DD/MM/RR'),'7');
Insert into FACTURA (ID_FACTURA,FECHA,ID_CLIENTE) values ('5604',to_date('06/09/20','DD/MM/RR'),'55');
Insert into FACTURA (ID_FACTURA,FECHA,ID_CLIENTE) values ('5605',to_date('02/08/20','DD/MM/RR'),'59');
Insert into FACTURA (ID_FACTURA,FECHA,ID_CLIENTE) values ('5606',to_date('06/09/20','DD/MM/RR'),'7');
Insert into FACTURA (ID_FACTURA,FECHA,ID_CLIENTE) values ('5607',to_date('20/06/19','DD/MM/RR'),'88');
Insert into FACTURA (ID_FACTURA,FECHA,ID_CLIENTE) values ('5608',to_date('07/11/20','DD/MM/RR'),'33');
Insert into FACTURA (ID_FACTURA,FECHA,ID_CLIENTE) values ('5609',to_date('25/04/20','DD/MM/RR'),'47');
Insert into FACTURA (ID_FACTURA,FECHA,ID_CLIENTE) values ('5610',to_date('24/12/18','DD/MM/RR'),'86');
Insert into FACTURA (ID_FACTURA,FECHA,ID_CLIENTE) values ('5611',to_date('15/02/19','DD/MM/RR'),'89');
Insert into FACTURA (ID_FACTURA,FECHA,ID_CLIENTE) values ('5612',to_date('11/09/19','DD/MM/RR'),'22');
Insert into FACTURA (ID_FACTURA,FECHA,ID_CLIENTE) values ('5613',to_date('16/01/20','DD/MM/RR'),'40');
Insert into FACTURA (ID_FACTURA,FECHA,ID_CLIENTE) values ('5614',to_date('18/07/20','DD/MM/RR'),'58');
Insert into FACTURA (ID_FACTURA,FECHA,ID_CLIENTE) values ('5615',to_date('16/12/19','DD/MM/RR'),'66');
Insert into FACTURA (ID_FACTURA,FECHA,ID_CLIENTE) values ('5616',to_date('18/05/20','DD/MM/RR'),'97');
Insert into FACTURA (ID_FACTURA,FECHA,ID_CLIENTE) values ('5617',to_date('20/02/19','DD/MM/RR'),'17');
Insert into FACTURA (ID_FACTURA,FECHA,ID_CLIENTE) values ('5618',to_date('12/05/19','DD/MM/RR'),'14');
Insert into FACTURA (ID_FACTURA,FECHA,ID_CLIENTE) values ('5619',to_date('19/04/20','DD/MM/RR'),'65');
Insert into FACTURA (ID_FACTURA,FECHA,ID_CLIENTE) values ('5620',to_date('15/07/19','DD/MM/RR'),'34');
Insert into FACTURA (ID_FACTURA,FECHA,ID_CLIENTE) values ('5621',to_date('19/02/20','DD/MM/RR'),'15');
Insert into FACTURA (ID_FACTURA,FECHA,ID_CLIENTE) values ('5622',to_date('26/02/20','DD/MM/RR'),'43');
Insert into FACTURA (ID_FACTURA,FECHA,ID_CLIENTE) values ('5623',to_date('30/05/19','DD/MM/RR'),'21');
Insert into FACTURA (ID_FACTURA,FECHA,ID_CLIENTE) values ('5624',to_date('05/06/20','DD/MM/RR'),'93');
Insert into FACTURA (ID_FACTURA,FECHA,ID_CLIENTE) values ('5625',to_date('21/04/20','DD/MM/RR'),'8');
Insert into FACTURA (ID_FACTURA,FECHA,ID_CLIENTE) values ('5626',to_date('09/06/20','DD/MM/RR'),'4');
Insert into FACTURA (ID_FACTURA,FECHA,ID_CLIENTE) values ('5627',to_date('21/02/19','DD/MM/RR'),'14');
Insert into FACTURA (ID_FACTURA,FECHA,ID_CLIENTE) values ('5628',to_date('23/07/20','DD/MM/RR'),'18');
Insert into FACTURA (ID_FACTURA,FECHA,ID_CLIENTE) values ('5629',to_date('29/12/19','DD/MM/RR'),'88');
Insert into FACTURA (ID_FACTURA,FECHA,ID_CLIENTE) values ('5630',to_date('19/05/20','DD/MM/RR'),'18');
Insert into FACTURA (ID_FACTURA,FECHA,ID_CLIENTE) values ('5631',to_date('03/04/19','DD/MM/RR'),'6');
Insert into FACTURA (ID_FACTURA,FECHA,ID_CLIENTE) values ('5632',to_date('01/10/19','DD/MM/RR'),'42');
Insert into FACTURA (ID_FACTURA,FECHA,ID_CLIENTE) values ('5633',to_date('16/10/20','DD/MM/RR'),'29');
Insert into FACTURA (ID_FACTURA,FECHA,ID_CLIENTE) values ('5634',to_date('10/03/20','DD/MM/RR'),'93');
Insert into FACTURA (ID_FACTURA,FECHA,ID_CLIENTE) values ('5635',to_date('10/03/20','DD/MM/RR'),'87');
Insert into FACTURA (ID_FACTURA,FECHA,ID_CLIENTE) values ('5636',to_date('10/06/20','DD/MM/RR'),'18');
Insert into FACTURA (ID_FACTURA,FECHA,ID_CLIENTE) values ('5637',to_date('08/10/20','DD/MM/RR'),'91');
Insert into FACTURA (ID_FACTURA,FECHA,ID_CLIENTE) values ('5638',to_date('18/04/19','DD/MM/RR'),'72');
Insert into FACTURA (ID_FACTURA,FECHA,ID_CLIENTE) values ('5639',to_date('11/11/19','DD/MM/RR'),'1');
Insert into FACTURA (ID_FACTURA,FECHA,ID_CLIENTE) values ('5640',to_date('27/11/19','DD/MM/RR'),'82');
Insert into FACTURA (ID_FACTURA,FECHA,ID_CLIENTE) values ('5641',to_date('04/01/20','DD/MM/RR'),'39');
Insert into FACTURA (ID_FACTURA,FECHA,ID_CLIENTE) values ('5642',to_date('06/04/20','DD/MM/RR'),'39');
Insert into FACTURA (ID_FACTURA,FECHA,ID_CLIENTE) values ('5643',to_date('15/07/19','DD/MM/RR'),'48');
Insert into FACTURA (ID_FACTURA,FECHA,ID_CLIENTE) values ('5644',to_date('04/10/19','DD/MM/RR'),'63');
Insert into FACTURA (ID_FACTURA,FECHA,ID_CLIENTE) values ('5645',to_date('23/02/20','DD/MM/RR'),'38');
Insert into FACTURA (ID_FACTURA,FECHA,ID_CLIENTE) values ('5646',to_date('12/01/19','DD/MM/RR'),'12');
Insert into FACTURA (ID_FACTURA,FECHA,ID_CLIENTE) values ('5647',to_date('21/07/20','DD/MM/RR'),'9');
Insert into FACTURA (ID_FACTURA,FECHA,ID_CLIENTE) values ('5648',to_date('04/12/19','DD/MM/RR'),'37');
Insert into FACTURA (ID_FACTURA,FECHA,ID_CLIENTE) values ('5649',to_date('20/02/19','DD/MM/RR'),'46');
Insert into FACTURA (ID_FACTURA,FECHA,ID_CLIENTE) values ('5650',to_date('19/09/20','DD/MM/RR'),'57');
Insert into FACTURA (ID_FACTURA,FECHA,ID_CLIENTE) values ('5651',to_date('26/10/19','DD/MM/RR'),'40');
Insert into FACTURA (ID_FACTURA,FECHA,ID_CLIENTE) values ('5652',to_date('02/08/19','DD/MM/RR'),'61');
Insert into FACTURA (ID_FACTURA,FECHA,ID_CLIENTE) values ('5653',to_date('31/07/19','DD/MM/RR'),'54');
Insert into FACTURA (ID_FACTURA,FECHA,ID_CLIENTE) values ('5654',to_date('13/09/19','DD/MM/RR'),'59');
Insert into FACTURA (ID_FACTURA,FECHA,ID_CLIENTE) values ('5655',to_date('16/12/20','DD/MM/RR'),'22');
Insert into FACTURA (ID_FACTURA,FECHA,ID_CLIENTE) values ('5656',to_date('02/11/19','DD/MM/RR'),'76');
Insert into FACTURA (ID_FACTURA,FECHA,ID_CLIENTE) values ('5657',to_date('07/12/20','DD/MM/RR'),'35');
Insert into FACTURA (ID_FACTURA,FECHA,ID_CLIENTE) values ('5658',to_date('29/04/19','DD/MM/RR'),'19');
Insert into FACTURA (ID_FACTURA,FECHA,ID_CLIENTE) values ('5659',to_date('04/03/20','DD/MM/RR'),'27');
Insert into FACTURA (ID_FACTURA,FECHA,ID_CLIENTE) values ('5660',to_date('26/04/20','DD/MM/RR'),'6');
Insert into FACTURA (ID_FACTURA,FECHA,ID_CLIENTE) values ('5661',to_date('28/11/19','DD/MM/RR'),'43');
Insert into FACTURA (ID_FACTURA,FECHA,ID_CLIENTE) values ('5662',to_date('06/02/19','DD/MM/RR'),'99');
Insert into FACTURA (ID_FACTURA,FECHA,ID_CLIENTE) values ('5663',to_date('01/12/19','DD/MM/RR'),'57');
Insert into FACTURA (ID_FACTURA,FECHA,ID_CLIENTE) values ('5664',to_date('02/01/19','DD/MM/RR'),'60');
Insert into FACTURA (ID_FACTURA,FECHA,ID_CLIENTE) values ('5665',to_date('27/02/19','DD/MM/RR'),'26');
Insert into FACTURA (ID_FACTURA,FECHA,ID_CLIENTE) values ('5666',to_date('13/03/19','DD/MM/RR'),'89');
Insert into FACTURA (ID_FACTURA,FECHA,ID_CLIENTE) values ('5667',to_date('22/03/20','DD/MM/RR'),'55');
Insert into FACTURA (ID_FACTURA,FECHA,ID_CLIENTE) values ('5668',to_date('29/01/20','DD/MM/RR'),'34');
Insert into FACTURA (ID_FACTURA,FECHA,ID_CLIENTE) values ('5669',to_date('20/02/20','DD/MM/RR'),'90');
Insert into FACTURA (ID_FACTURA,FECHA,ID_CLIENTE) values ('5670',to_date('24/02/20','DD/MM/RR'),'96');
Insert into FACTURA (ID_FACTURA,FECHA,ID_CLIENTE) values ('5671',to_date('11/04/19','DD/MM/RR'),'4');
Insert into FACTURA (ID_FACTURA,FECHA,ID_CLIENTE) values ('5672',to_date('17/04/19','DD/MM/RR'),'30');
Insert into FACTURA (ID_FACTURA,FECHA,ID_CLIENTE) values ('5673',to_date('28/03/20','DD/MM/RR'),'60');
Insert into FACTURA (ID_FACTURA,FECHA,ID_CLIENTE) values ('5674',to_date('04/06/20','DD/MM/RR'),'8');
Insert into FACTURA (ID_FACTURA,FECHA,ID_CLIENTE) values ('5675',to_date('20/10/19','DD/MM/RR'),'70');
Insert into FACTURA (ID_FACTURA,FECHA,ID_CLIENTE) values ('5676',to_date('10/10/19','DD/MM/RR'),'83');
Insert into FACTURA (ID_FACTURA,FECHA,ID_CLIENTE) values ('5677',to_date('13/07/19','DD/MM/RR'),'21');
Insert into FACTURA (ID_FACTURA,FECHA,ID_CLIENTE) values ('5678',to_date('29/11/19','DD/MM/RR'),'27');
Insert into FACTURA (ID_FACTURA,FECHA,ID_CLIENTE) values ('5679',to_date('29/09/19','DD/MM/RR'),'42');
Insert into FACTURA (ID_FACTURA,FECHA,ID_CLIENTE) values ('5680',to_date('24/10/20','DD/MM/RR'),'31');
Insert into FACTURA (ID_FACTURA,FECHA,ID_CLIENTE) values ('5681',to_date('08/10/20','DD/MM/RR'),'48');
Insert into FACTURA (ID_FACTURA,FECHA,ID_CLIENTE) values ('5682',to_date('22/12/19','DD/MM/RR'),'47');
Insert into FACTURA (ID_FACTURA,FECHA,ID_CLIENTE) values ('5683',to_date('22/03/19','DD/MM/RR'),'77');
Insert into FACTURA (ID_FACTURA,FECHA,ID_CLIENTE) values ('5684',to_date('29/10/20','DD/MM/RR'),'65');
Insert into FACTURA (ID_FACTURA,FECHA,ID_CLIENTE) values ('5685',to_date('04/09/20','DD/MM/RR'),'95');
Insert into FACTURA (ID_FACTURA,FECHA,ID_CLIENTE) values ('5686',to_date('05/11/19','DD/MM/RR'),'47');
Insert into FACTURA (ID_FACTURA,FECHA,ID_CLIENTE) values ('5687',to_date('25/11/20','DD/MM/RR'),'2');
Insert into FACTURA (ID_FACTURA,FECHA,ID_CLIENTE) values ('5688',to_date('16/11/19','DD/MM/RR'),'57');
Insert into FACTURA (ID_FACTURA,FECHA,ID_CLIENTE) values ('5689',to_date('18/01/20','DD/MM/RR'),'19');
Insert into FACTURA (ID_FACTURA,FECHA,ID_CLIENTE) values ('5690',to_date('10/12/19','DD/MM/RR'),'2');
Insert into FACTURA (ID_FACTURA,FECHA,ID_CLIENTE) values ('5691',to_date('04/01/19','DD/MM/RR'),'100');
Insert into FACTURA (ID_FACTURA,FECHA,ID_CLIENTE) values ('5692',to_date('26/12/19','DD/MM/RR'),'43');
Insert into FACTURA (ID_FACTURA,FECHA,ID_CLIENTE) values ('5693',to_date('24/05/20','DD/MM/RR'),'18');
Insert into FACTURA (ID_FACTURA,FECHA,ID_CLIENTE) values ('5694',to_date('11/10/20','DD/MM/RR'),'49');
Insert into FACTURA (ID_FACTURA,FECHA,ID_CLIENTE) values ('5695',to_date('29/08/19','DD/MM/RR'),'68');
Insert into FACTURA (ID_FACTURA,FECHA,ID_CLIENTE) values ('5696',to_date('06/02/19','DD/MM/RR'),'24');
Insert into FACTURA (ID_FACTURA,FECHA,ID_CLIENTE) values ('5697',to_date('14/11/19','DD/MM/RR'),'88');
Insert into FACTURA (ID_FACTURA,FECHA,ID_CLIENTE) values ('5698',to_date('27/11/19','DD/MM/RR'),'31');
Insert into FACTURA (ID_FACTURA,FECHA,ID_CLIENTE) values ('5699',to_date('18/10/19','DD/MM/RR'),'25');
Insert into FACTURA (ID_FACTURA,FECHA,ID_CLIENTE) values ('5700',to_date('09/03/20','DD/MM/RR'),'16');
Insert into FACTURA (ID_FACTURA,FECHA,ID_CLIENTE) values ('5701',to_date('21/04/19','DD/MM/RR'),'22');
Insert into FACTURA (ID_FACTURA,FECHA,ID_CLIENTE) values ('5702',to_date('11/06/19','DD/MM/RR'),'11');
Insert into FACTURA (ID_FACTURA,FECHA,ID_CLIENTE) values ('5703',to_date('24/05/20','DD/MM/RR'),'13');
Insert into FACTURA (ID_FACTURA,FECHA,ID_CLIENTE) values ('5704',to_date('19/02/19','DD/MM/RR'),'41');
Insert into FACTURA (ID_FACTURA,FECHA,ID_CLIENTE) values ('5705',to_date('13/09/19','DD/MM/RR'),'17');
Insert into FACTURA (ID_FACTURA,FECHA,ID_CLIENTE) values ('5706',to_date('06/06/19','DD/MM/RR'),'2');
Insert into FACTURA (ID_FACTURA,FECHA,ID_CLIENTE) values ('5707',to_date('11/05/19','DD/MM/RR'),'33');
Insert into FACTURA (ID_FACTURA,FECHA,ID_CLIENTE) values ('5708',to_date('05/12/20','DD/MM/RR'),'37');
Insert into FACTURA (ID_FACTURA,FECHA,ID_CLIENTE) values ('5709',to_date('10/01/20','DD/MM/RR'),'31');
Insert into FACTURA (ID_FACTURA,FECHA,ID_CLIENTE) values ('5710',to_date('12/06/20','DD/MM/RR'),'43');
Insert into FACTURA (ID_FACTURA,FECHA,ID_CLIENTE) values ('5711',to_date('17/10/19','DD/MM/RR'),'41');
Insert into FACTURA (ID_FACTURA,FECHA,ID_CLIENTE) values ('5712',to_date('07/09/20','DD/MM/RR'),'35');
Insert into FACTURA (ID_FACTURA,FECHA,ID_CLIENTE) values ('5713',to_date('19/07/20','DD/MM/RR'),'2');
Insert into FACTURA (ID_FACTURA,FECHA,ID_CLIENTE) values ('5714',to_date('27/02/19','DD/MM/RR'),'45');
Insert into FACTURA (ID_FACTURA,FECHA,ID_CLIENTE) values ('5715',to_date('07/11/19','DD/MM/RR'),'2');
Insert into FACTURA (ID_FACTURA,FECHA,ID_CLIENTE) values ('5716',to_date('11/10/20','DD/MM/RR'),'48');
Insert into FACTURA (ID_FACTURA,FECHA,ID_CLIENTE) values ('5717',to_date('08/01/20','DD/MM/RR'),'49');
Insert into FACTURA (ID_FACTURA,FECHA,ID_CLIENTE) values ('5718',to_date('12/02/20','DD/MM/RR'),'25');
Insert into FACTURA (ID_FACTURA,FECHA,ID_CLIENTE) values ('5719',to_date('14/03/20','DD/MM/RR'),'43');
Insert into FACTURA (ID_FACTURA,FECHA,ID_CLIENTE) values ('5720',to_date('25/02/20','DD/MM/RR'),'24');
Insert into FACTURA (ID_FACTURA,FECHA,ID_CLIENTE) values ('5721',to_date('08/10/20','DD/MM/RR'),'44');
Insert into FACTURA (ID_FACTURA,FECHA,ID_CLIENTE) values ('5722',to_date('21/07/19','DD/MM/RR'),'12');
Insert into FACTURA (ID_FACTURA,FECHA,ID_CLIENTE) values ('5723',to_date('27/08/20','DD/MM/RR'),'44');
Insert into FACTURA (ID_FACTURA,FECHA,ID_CLIENTE) values ('5724',to_date('01/08/19','DD/MM/RR'),'35');
Insert into FACTURA (ID_FACTURA,FECHA,ID_CLIENTE) values ('5725',to_date('11/12/20','DD/MM/RR'),'32');
Insert into FACTURA (ID_FACTURA,FECHA,ID_CLIENTE) values ('5726',to_date('31/05/19','DD/MM/RR'),'18');
Insert into FACTURA (ID_FACTURA,FECHA,ID_CLIENTE) values ('5727',to_date('18/01/19','DD/MM/RR'),'19');
Insert into FACTURA (ID_FACTURA,FECHA,ID_CLIENTE) values ('5728',to_date('28/08/20','DD/MM/RR'),'23');
Insert into FACTURA (ID_FACTURA,FECHA,ID_CLIENTE) values ('5729',to_date('05/07/19','DD/MM/RR'),'44');
Insert into FACTURA (ID_FACTURA,FECHA,ID_CLIENTE) values ('5730',to_date('16/04/19','DD/MM/RR'),'39');
Insert into FACTURA (ID_FACTURA,FECHA,ID_CLIENTE) values ('5731',to_date('18/01/19','DD/MM/RR'),'7');
Insert into FACTURA (ID_FACTURA,FECHA,ID_CLIENTE) values ('5732',to_date('23/06/19','DD/MM/RR'),'40');
Insert into FACTURA (ID_FACTURA,FECHA,ID_CLIENTE) values ('5733',to_date('16/08/20','DD/MM/RR'),'10');
Insert into FACTURA (ID_FACTURA,FECHA,ID_CLIENTE) values ('5734',to_date('30/11/19','DD/MM/RR'),'45');
Insert into FACTURA (ID_FACTURA,FECHA,ID_CLIENTE) values ('5735',to_date('10/02/19','DD/MM/RR'),'50');
Insert into FACTURA (ID_FACTURA,FECHA,ID_CLIENTE) values ('5736',to_date('31/05/20','DD/MM/RR'),'22');
Insert into FACTURA (ID_FACTURA,FECHA,ID_CLIENTE) values ('5737',to_date('06/11/20','DD/MM/RR'),'6');
Insert into FACTURA (ID_FACTURA,FECHA,ID_CLIENTE) values ('5738',to_date('19/04/19','DD/MM/RR'),'37');
Insert into FACTURA (ID_FACTURA,FECHA,ID_CLIENTE) values ('5739',to_date('14/04/19','DD/MM/RR'),'50');
Insert into FACTURA (ID_FACTURA,FECHA,ID_CLIENTE) values ('5740',to_date('16/01/20','DD/MM/RR'),'33');
Insert into FACTURA (ID_FACTURA,FECHA,ID_CLIENTE) values ('5741',to_date('08/08/20','DD/MM/RR'),'5');
Insert into FACTURA (ID_FACTURA,FECHA,ID_CLIENTE) values ('5742',to_date('27/09/19','DD/MM/RR'),'37');
Insert into FACTURA (ID_FACTURA,FECHA,ID_CLIENTE) values ('5743',to_date('17/11/19','DD/MM/RR'),'50');
Insert into FACTURA (ID_FACTURA,FECHA,ID_CLIENTE) values ('5744',to_date('21/09/19','DD/MM/RR'),'35');
Insert into FACTURA (ID_FACTURA,FECHA,ID_CLIENTE) values ('5745',to_date('06/03/20','DD/MM/RR'),'49');
Insert into FACTURA (ID_FACTURA,FECHA,ID_CLIENTE) values ('5746',to_date('06/03/19','DD/MM/RR'),'5');
Insert into FACTURA (ID_FACTURA,FECHA,ID_CLIENTE) values ('5747',to_date('10/06/19','DD/MM/RR'),'49');
Insert into FACTURA (ID_FACTURA,FECHA,ID_CLIENTE) values ('5748',to_date('10/08/19','DD/MM/RR'),'18');
Insert into FACTURA (ID_FACTURA,FECHA,ID_CLIENTE) values ('5749',to_date('22/01/19','DD/MM/RR'),'19');
Insert into FACTURA (ID_FACTURA,FECHA,ID_CLIENTE) values ('5750',to_date('24/04/19','DD/MM/RR'),'41');
Insert into FACTURA (ID_FACTURA,FECHA,ID_CLIENTE) values ('5751',to_date('09/11/20','DD/MM/RR'),'24');
Insert into FACTURA (ID_FACTURA,FECHA,ID_CLIENTE) values ('5752',to_date('18/04/19','DD/MM/RR'),'29');
Insert into FACTURA (ID_FACTURA,FECHA,ID_CLIENTE) values ('5753',to_date('22/12/19','DD/MM/RR'),'15');
Insert into FACTURA (ID_FACTURA,FECHA,ID_CLIENTE) values ('5754',to_date('08/09/19','DD/MM/RR'),'44');
Insert into FACTURA (ID_FACTURA,FECHA,ID_CLIENTE) values ('5755',to_date('27/03/19','DD/MM/RR'),'8');
Insert into FACTURA (ID_FACTURA,FECHA,ID_CLIENTE) values ('5756',to_date('16/01/20','DD/MM/RR'),'33');
Insert into FACTURA (ID_FACTURA,FECHA,ID_CLIENTE) values ('5757',to_date('06/09/19','DD/MM/RR'),'17');
Insert into FACTURA (ID_FACTURA,FECHA,ID_CLIENTE) values ('5758',to_date('30/05/19','DD/MM/RR'),'6');
Insert into FACTURA (ID_FACTURA,FECHA,ID_CLIENTE) values ('5759',to_date('17/05/19','DD/MM/RR'),'9');
Insert into FACTURA (ID_FACTURA,FECHA,ID_CLIENTE) values ('5760',to_date('27/07/19','DD/MM/RR'),'18');
Insert into FACTURA (ID_FACTURA,FECHA,ID_CLIENTE) values ('5761',to_date('24/02/19','DD/MM/RR'),'15');
Insert into FACTURA (ID_FACTURA,FECHA,ID_CLIENTE) values ('5762',to_date('20/06/19','DD/MM/RR'),'32');
Insert into FACTURA (ID_FACTURA,FECHA,ID_CLIENTE) values ('5763',to_date('02/11/19','DD/MM/RR'),'31');
Insert into FACTURA (ID_FACTURA,FECHA,ID_CLIENTE) values ('5764',to_date('29/07/20','DD/MM/RR'),'15');
Insert into FACTURA (ID_FACTURA,FECHA,ID_CLIENTE) values ('5765',to_date('07/04/19','DD/MM/RR'),'12');
Insert into FACTURA (ID_FACTURA,FECHA,ID_CLIENTE) values ('5766',to_date('01/08/19','DD/MM/RR'),'49');
Insert into FACTURA (ID_FACTURA,FECHA,ID_CLIENTE) values ('5767',to_date('26/12/18','DD/MM/RR'),'40');
Insert into FACTURA (ID_FACTURA,FECHA,ID_CLIENTE) values ('5768',to_date('04/04/20','DD/MM/RR'),'41');
Insert into FACTURA (ID_FACTURA,FECHA,ID_CLIENTE) values ('5769',to_date('17/01/19','DD/MM/RR'),'48');
Insert into FACTURA (ID_FACTURA,FECHA,ID_CLIENTE) values ('5770',to_date('10/04/19','DD/MM/RR'),'27');
Insert into FACTURA (ID_FACTURA,FECHA,ID_CLIENTE) values ('5771',to_date('07/06/19','DD/MM/RR'),'39');
Insert into FACTURA (ID_FACTURA,FECHA,ID_CLIENTE) values ('5772',to_date('21/10/19','DD/MM/RR'),'36');
Insert into FACTURA (ID_FACTURA,FECHA,ID_CLIENTE) values ('5773',to_date('08/01/19','DD/MM/RR'),'44');
Insert into FACTURA (ID_FACTURA,FECHA,ID_CLIENTE) values ('5774',to_date('12/11/20','DD/MM/RR'),'16');
Insert into FACTURA (ID_FACTURA,FECHA,ID_CLIENTE) values ('5775',to_date('08/01/20','DD/MM/RR'),'26');
Insert into FACTURA (ID_FACTURA,FECHA,ID_CLIENTE) values ('5776',to_date('27/07/19','DD/MM/RR'),'8');
Insert into FACTURA (ID_FACTURA,FECHA,ID_CLIENTE) values ('5777',to_date('09/03/20','DD/MM/RR'),'35');
Insert into FACTURA (ID_FACTURA,FECHA,ID_CLIENTE) values ('5778',to_date('29/01/20','DD/MM/RR'),'49');
Insert into FACTURA (ID_FACTURA,FECHA,ID_CLIENTE) values ('5779',to_date('26/10/19','DD/MM/RR'),'31');
Insert into FACTURA (ID_FACTURA,FECHA,ID_CLIENTE) values ('5780',to_date('06/07/20','DD/MM/RR'),'34');
Insert into FACTURA (ID_FACTURA,FECHA,ID_CLIENTE) values ('5781',to_date('17/09/19','DD/MM/RR'),'33');
Insert into FACTURA (ID_FACTURA,FECHA,ID_CLIENTE) values ('5782',to_date('05/12/20','DD/MM/RR'),'20');
Insert into FACTURA (ID_FACTURA,FECHA,ID_CLIENTE) values ('5783',to_date('14/07/20','DD/MM/RR'),'1');
Insert into FACTURA (ID_FACTURA,FECHA,ID_CLIENTE) values ('5784',to_date('06/01/20','DD/MM/RR'),'29');
Insert into FACTURA (ID_FACTURA,FECHA,ID_CLIENTE) values ('5785',to_date('19/10/20','DD/MM/RR'),'12');
Insert into FACTURA (ID_FACTURA,FECHA,ID_CLIENTE) values ('5786',to_date('07/12/19','DD/MM/RR'),'24');
Insert into FACTURA (ID_FACTURA,FECHA,ID_CLIENTE) values ('5787',to_date('16/11/19','DD/MM/RR'),'47');
Insert into FACTURA (ID_FACTURA,FECHA,ID_CLIENTE) values ('5788',to_date('24/08/20','DD/MM/RR'),'4');
Insert into FACTURA (ID_FACTURA,FECHA,ID_CLIENTE) values ('5789',to_date('11/11/20','DD/MM/RR'),'30');
Insert into FACTURA (ID_FACTURA,FECHA,ID_CLIENTE) values ('5790',to_date('16/10/19','DD/MM/RR'),'46');
Insert into FACTURA (ID_FACTURA,FECHA,ID_CLIENTE) values ('5791',to_date('21/05/20','DD/MM/RR'),'38');
Insert into FACTURA (ID_FACTURA,FECHA,ID_CLIENTE) values ('5792',to_date('13/05/20','DD/MM/RR'),'20');
Insert into FACTURA (ID_FACTURA,FECHA,ID_CLIENTE) values ('5793',to_date('02/01/20','DD/MM/RR'),'20');
Insert into FACTURA (ID_FACTURA,FECHA,ID_CLIENTE) values ('5794',to_date('16/02/19','DD/MM/RR'),'3');
Insert into FACTURA (ID_FACTURA,FECHA,ID_CLIENTE) values ('5795',to_date('26/04/20','DD/MM/RR'),'11');
Insert into FACTURA (ID_FACTURA,FECHA,ID_CLIENTE) values ('5796',to_date('15/07/20','DD/MM/RR'),'37');
Insert into FACTURA (ID_FACTURA,FECHA,ID_CLIENTE) values ('5797',to_date('23/03/20','DD/MM/RR'),'21');
Insert into FACTURA (ID_FACTURA,FECHA,ID_CLIENTE) values ('5798',to_date('02/12/19','DD/MM/RR'),'13');
Insert into FACTURA (ID_FACTURA,FECHA,ID_CLIENTE) values ('5799',to_date('05/03/20','DD/MM/RR'),'4');
Insert into FACTURA (ID_FACTURA,FECHA,ID_CLIENTE) values ('5800',to_date('06/02/20','DD/MM/RR'),'96');
Insert into FACTURA (ID_FACTURA,FECHA,ID_CLIENTE) values ('5801',to_date('20/01/20','DD/MM/RR'),'66');
Insert into FACTURA (ID_FACTURA,FECHA,ID_CLIENTE) values ('5802',to_date('16/11/19','DD/MM/RR'),'66');
Insert into FACTURA (ID_FACTURA,FECHA,ID_CLIENTE) values ('5803',to_date('27/09/19','DD/MM/RR'),'72');
Insert into FACTURA (ID_FACTURA,FECHA,ID_CLIENTE) values ('5804',to_date('21/05/19','DD/MM/RR'),'74');
Insert into FACTURA (ID_FACTURA,FECHA,ID_CLIENTE) values ('5805',to_date('26/10/19','DD/MM/RR'),'52');
Insert into FACTURA (ID_FACTURA,FECHA,ID_CLIENTE) values ('5806',to_date('26/11/19','DD/MM/RR'),'55');
Insert into FACTURA (ID_FACTURA,FECHA,ID_CLIENTE) values ('5807',to_date('14/04/20','DD/MM/RR'),'74');
Insert into FACTURA (ID_FACTURA,FECHA,ID_CLIENTE) values ('5808',to_date('20/02/20','DD/MM/RR'),'84');
Insert into FACTURA (ID_FACTURA,FECHA,ID_CLIENTE) values ('5809',to_date('26/03/20','DD/MM/RR'),'68');
Insert into FACTURA (ID_FACTURA,FECHA,ID_CLIENTE) values ('5810',to_date('13/11/19','DD/MM/RR'),'90');
Insert into FACTURA (ID_FACTURA,FECHA,ID_CLIENTE) values ('5811',to_date('26/04/20','DD/MM/RR'),'71');
Insert into FACTURA (ID_FACTURA,FECHA,ID_CLIENTE) values ('5812',to_date('09/09/20','DD/MM/RR'),'70');
Insert into FACTURA (ID_FACTURA,FECHA,ID_CLIENTE) values ('5813',to_date('28/08/20','DD/MM/RR'),'89');
Insert into FACTURA (ID_FACTURA,FECHA,ID_CLIENTE) values ('5814',to_date('03/04/19','DD/MM/RR'),'76');
Insert into FACTURA (ID_FACTURA,FECHA,ID_CLIENTE) values ('5815',to_date('24/07/19','DD/MM/RR'),'83');
Insert into FACTURA (ID_FACTURA,FECHA,ID_CLIENTE) values ('5816',to_date('01/02/19','DD/MM/RR'),'86');
Insert into FACTURA (ID_FACTURA,FECHA,ID_CLIENTE) values ('5817',to_date('19/03/20','DD/MM/RR'),'85');
Insert into FACTURA (ID_FACTURA,FECHA,ID_CLIENTE) values ('5818',to_date('16/07/19','DD/MM/RR'),'94');
Insert into FACTURA (ID_FACTURA,FECHA,ID_CLIENTE) values ('5819',to_date('12/09/20','DD/MM/RR'),'100');
Insert into FACTURA (ID_FACTURA,FECHA,ID_CLIENTE) values ('5820',to_date('25/10/20','DD/MM/RR'),'95');
Insert into FACTURA (ID_FACTURA,FECHA,ID_CLIENTE) values ('5821',to_date('22/05/19','DD/MM/RR'),'58');
Insert into FACTURA (ID_FACTURA,FECHA,ID_CLIENTE) values ('5822',to_date('24/08/19','DD/MM/RR'),'56');
Insert into FACTURA (ID_FACTURA,FECHA,ID_CLIENTE) values ('5823',to_date('07/03/20','DD/MM/RR'),'52');
Insert into FACTURA (ID_FACTURA,FECHA,ID_CLIENTE) values ('5824',to_date('22/04/19','DD/MM/RR'),'57');
Insert into FACTURA (ID_FACTURA,FECHA,ID_CLIENTE) values ('5825',to_date('19/04/19','DD/MM/RR'),'74');
Insert into FACTURA (ID_FACTURA,FECHA,ID_CLIENTE) values ('5826',to_date('21/09/20','DD/MM/RR'),'58');
Insert into FACTURA (ID_FACTURA,FECHA,ID_CLIENTE) values ('5827',to_date('25/05/19','DD/MM/RR'),'82');
Insert into FACTURA (ID_FACTURA,FECHA,ID_CLIENTE) values ('5828',to_date('18/06/19','DD/MM/RR'),'90');
Insert into FACTURA (ID_FACTURA,FECHA,ID_CLIENTE) values ('5829',to_date('05/02/19','DD/MM/RR'),'92');
Insert into FACTURA (ID_FACTURA,FECHA,ID_CLIENTE) values ('5830',to_date('03/04/19','DD/MM/RR'),'87');
Insert into FACTURA (ID_FACTURA,FECHA,ID_CLIENTE) values ('5831',to_date('03/09/19','DD/MM/RR'),'62');
Insert into FACTURA (ID_FACTURA,FECHA,ID_CLIENTE) values ('5832',to_date('16/02/19','DD/MM/RR'),'79');
Insert into FACTURA (ID_FACTURA,FECHA,ID_CLIENTE) values ('5833',to_date('26/02/20','DD/MM/RR'),'78');
Insert into FACTURA (ID_FACTURA,FECHA,ID_CLIENTE) values ('5834',to_date('15/12/20','DD/MM/RR'),'56');
Insert into FACTURA (ID_FACTURA,FECHA,ID_CLIENTE) values ('5835',to_date('07/01/20','DD/MM/RR'),'88');
Insert into FACTURA (ID_FACTURA,FECHA,ID_CLIENTE) values ('5836',to_date('31/01/20','DD/MM/RR'),'91');
Insert into FACTURA (ID_FACTURA,FECHA,ID_CLIENTE) values ('5837',to_date('22/07/19','DD/MM/RR'),'66');
Insert into FACTURA (ID_FACTURA,FECHA,ID_CLIENTE) values ('5838',to_date('30/06/19','DD/MM/RR'),'70');
Insert into FACTURA (ID_FACTURA,FECHA,ID_CLIENTE) values ('5839',to_date('05/11/19','DD/MM/RR'),'61');
Insert into FACTURA (ID_FACTURA,FECHA,ID_CLIENTE) values ('5840',to_date('13/06/20','DD/MM/RR'),'54');
Insert into FACTURA (ID_FACTURA,FECHA,ID_CLIENTE) values ('5841',to_date('15/04/19','DD/MM/RR'),'77');
Insert into FACTURA (ID_FACTURA,FECHA,ID_CLIENTE) values ('5842',to_date('23/09/20','DD/MM/RR'),'92');
Insert into FACTURA (ID_FACTURA,FECHA,ID_CLIENTE) values ('5843',to_date('16/03/20','DD/MM/RR'),'56');
Insert into FACTURA (ID_FACTURA,FECHA,ID_CLIENTE) values ('5844',to_date('24/03/20','DD/MM/RR'),'63');
Insert into FACTURA (ID_FACTURA,FECHA,ID_CLIENTE) values ('5845',to_date('01/06/20','DD/MM/RR'),'69');
Insert into FACTURA (ID_FACTURA,FECHA,ID_CLIENTE) values ('5846',to_date('26/08/19','DD/MM/RR'),'84');
Insert into FACTURA (ID_FACTURA,FECHA,ID_CLIENTE) values ('5847',to_date('24/03/20','DD/MM/RR'),'91');
Insert into FACTURA (ID_FACTURA,FECHA,ID_CLIENTE) values ('5848',to_date('31/07/19','DD/MM/RR'),'83');
Insert into FACTURA (ID_FACTURA,FECHA,ID_CLIENTE) values ('5849',to_date('21/04/19','DD/MM/RR'),'66');
Insert into FACTURA (ID_FACTURA,FECHA,ID_CLIENTE) values ('5850',to_date('04/10/19','DD/MM/RR'),'97');
Insert into FACTURA (ID_FACTURA,FECHA,ID_CLIENTE) values ('5851',to_date('30/04/19','DD/MM/RR'),'63');
Insert into FACTURA (ID_FACTURA,FECHA,ID_CLIENTE) values ('5852',to_date('13/10/19','DD/MM/RR'),'92');
Insert into FACTURA (ID_FACTURA,FECHA,ID_CLIENTE) values ('5853',to_date('06/09/19','DD/MM/RR'),'73');
Insert into FACTURA (ID_FACTURA,FECHA,ID_CLIENTE) values ('5854',to_date('06/02/19','DD/MM/RR'),'78');
Insert into FACTURA (ID_FACTURA,FECHA,ID_CLIENTE) values ('5855',to_date('09/07/19','DD/MM/RR'),'68');
Insert into FACTURA (ID_FACTURA,FECHA,ID_CLIENTE) values ('5856',to_date('29/05/19','DD/MM/RR'),'94');
Insert into FACTURA (ID_FACTURA,FECHA,ID_CLIENTE) values ('5857',to_date('14/10/19','DD/MM/RR'),'89');
Insert into FACTURA (ID_FACTURA,FECHA,ID_CLIENTE) values ('5858',to_date('18/02/19','DD/MM/RR'),'83');
Insert into FACTURA (ID_FACTURA,FECHA,ID_CLIENTE) values ('5859',to_date('24/11/19','DD/MM/RR'),'91');
Insert into FACTURA (ID_FACTURA,FECHA,ID_CLIENTE) values ('5860',to_date('14/10/20','DD/MM/RR'),'55');
Insert into FACTURA (ID_FACTURA,FECHA,ID_CLIENTE) values ('5861',to_date('01/04/20','DD/MM/RR'),'79');
Insert into FACTURA (ID_FACTURA,FECHA,ID_CLIENTE) values ('5862',to_date('16/06/19','DD/MM/RR'),'77');
Insert into FACTURA (ID_FACTURA,FECHA,ID_CLIENTE) values ('5863',to_date('18/05/19','DD/MM/RR'),'86');
Insert into FACTURA (ID_FACTURA,FECHA,ID_CLIENTE) values ('5864',to_date('21/08/20','DD/MM/RR'),'61');
Insert into FACTURA (ID_FACTURA,FECHA,ID_CLIENTE) values ('5865',to_date('11/04/19','DD/MM/RR'),'96');
Insert into FACTURA (ID_FACTURA,FECHA,ID_CLIENTE) values ('5866',to_date('06/03/20','DD/MM/RR'),'53');
Insert into FACTURA (ID_FACTURA,FECHA,ID_CLIENTE) values ('5867',to_date('28/11/19','DD/MM/RR'),'63');
Insert into FACTURA (ID_FACTURA,FECHA,ID_CLIENTE) values ('5868',to_date('09/03/19','DD/MM/RR'),'75');
Insert into FACTURA (ID_FACTURA,FECHA,ID_CLIENTE) values ('5869',to_date('27/01/20','DD/MM/RR'),'87');
Insert into FACTURA (ID_FACTURA,FECHA,ID_CLIENTE) values ('5870',to_date('14/08/20','DD/MM/RR'),'97');
Insert into FACTURA (ID_FACTURA,FECHA,ID_CLIENTE) values ('5871',to_date('19/02/19','DD/MM/RR'),'96');
Insert into FACTURA (ID_FACTURA,FECHA,ID_CLIENTE) values ('5872',to_date('06/01/20','DD/MM/RR'),'70');
Insert into FACTURA (ID_FACTURA,FECHA,ID_CLIENTE) values ('5873',to_date('05/11/19','DD/MM/RR'),'91');
Insert into FACTURA (ID_FACTURA,FECHA,ID_CLIENTE) values ('5874',to_date('01/08/19','DD/MM/RR'),'62');
Insert into FACTURA (ID_FACTURA,FECHA,ID_CLIENTE) values ('5875',to_date('07/06/20','DD/MM/RR'),'88');
Insert into FACTURA (ID_FACTURA,FECHA,ID_CLIENTE) values ('5876',to_date('30/05/20','DD/MM/RR'),'76');
Insert into FACTURA (ID_FACTURA,FECHA,ID_CLIENTE) values ('5877',to_date('22/06/20','DD/MM/RR'),'70');
Insert into FACTURA (ID_FACTURA,FECHA,ID_CLIENTE) values ('5878',to_date('21/10/20','DD/MM/RR'),'62');
Insert into FACTURA (ID_FACTURA,FECHA,ID_CLIENTE) values ('5879',to_date('17/02/20','DD/MM/RR'),'96');
Insert into FACTURA (ID_FACTURA,FECHA,ID_CLIENTE) values ('5880',to_date('20/09/20','DD/MM/RR'),'58');
Insert into FACTURA (ID_FACTURA,FECHA,ID_CLIENTE) values ('5881',to_date('05/04/20','DD/MM/RR'),'71');
Insert into FACTURA (ID_FACTURA,FECHA,ID_CLIENTE) values ('5882',to_date('30/08/20','DD/MM/RR'),'79');
Insert into FACTURA (ID_FACTURA,FECHA,ID_CLIENTE) values ('5883',to_date('02/07/20','DD/MM/RR'),'75');
Insert into FACTURA (ID_FACTURA,FECHA,ID_CLIENTE) values ('5884',to_date('06/04/20','DD/MM/RR'),'84');
Insert into FACTURA (ID_FACTURA,FECHA,ID_CLIENTE) values ('5885',to_date('02/02/19','DD/MM/RR'),'52');
Insert into FACTURA (ID_FACTURA,FECHA,ID_CLIENTE) values ('5886',to_date('04/07/20','DD/MM/RR'),'94');
Insert into FACTURA (ID_FACTURA,FECHA,ID_CLIENTE) values ('5887',to_date('24/05/20','DD/MM/RR'),'93');
Insert into FACTURA (ID_FACTURA,FECHA,ID_CLIENTE) values ('5888',to_date('24/10/19','DD/MM/RR'),'72');
Insert into FACTURA (ID_FACTURA,FECHA,ID_CLIENTE) values ('5889',to_date('28/07/20','DD/MM/RR'),'61');
Insert into FACTURA (ID_FACTURA,FECHA,ID_CLIENTE) values ('5890',to_date('28/08/20','DD/MM/RR'),'79');
Insert into FACTURA (ID_FACTURA,FECHA,ID_CLIENTE) values ('5891',to_date('17/03/19','DD/MM/RR'),'82');
Insert into FACTURA (ID_FACTURA,FECHA,ID_CLIENTE) values ('5892',to_date('20/08/20','DD/MM/RR'),'92');
Insert into FACTURA (ID_FACTURA,FECHA,ID_CLIENTE) values ('5893',to_date('15/03/19','DD/MM/RR'),'94');
Insert into FACTURA (ID_FACTURA,FECHA,ID_CLIENTE) values ('5894',to_date('26/02/19','DD/MM/RR'),'81');
Insert into FACTURA (ID_FACTURA,FECHA,ID_CLIENTE) values ('5895',to_date('02/08/19','DD/MM/RR'),'57');
Insert into FACTURA (ID_FACTURA,FECHA,ID_CLIENTE) values ('5896',to_date('03/02/20','DD/MM/RR'),'72');
Insert into FACTURA (ID_FACTURA,FECHA,ID_CLIENTE) values ('5897',to_date('14/08/19','DD/MM/RR'),'81');
Insert into FACTURA (ID_FACTURA,FECHA,ID_CLIENTE) values ('5898',to_date('02/10/20','DD/MM/RR'),'100');
Insert into FACTURA (ID_FACTURA,FECHA,ID_CLIENTE) values ('5899',to_date('13/07/19','DD/MM/RR'),'93');
Insert into FACTURA (ID_FACTURA,FECHA,ID_CLIENTE) values ('5900',to_date('02/02/19','DD/MM/RR'),'17');
Insert into FACTURA (ID_FACTURA,FECHA,ID_CLIENTE) values ('5901',to_date('06/08/20','DD/MM/RR'),'40');
Insert into FACTURA (ID_FACTURA,FECHA,ID_CLIENTE) values ('5902',to_date('05/01/20','DD/MM/RR'),'33');
Insert into FACTURA (ID_FACTURA,FECHA,ID_CLIENTE) values ('5903',to_date('13/08/20','DD/MM/RR'),'74');
Insert into FACTURA (ID_FACTURA,FECHA,ID_CLIENTE) values ('5904',to_date('17/03/20','DD/MM/RR'),'82');
Insert into FACTURA (ID_FACTURA,FECHA,ID_CLIENTE) values ('5905',to_date('22/04/19','DD/MM/RR'),'8');
Insert into FACTURA (ID_FACTURA,FECHA,ID_CLIENTE) values ('5906',to_date('16/09/20','DD/MM/RR'),'75');
Insert into FACTURA (ID_FACTURA,FECHA,ID_CLIENTE) values ('5907',to_date('18/09/20','DD/MM/RR'),'72');
Insert into FACTURA (ID_FACTURA,FECHA,ID_CLIENTE) values ('5908',to_date('23/07/19','DD/MM/RR'),'25');
Insert into FACTURA (ID_FACTURA,FECHA,ID_CLIENTE) values ('5909',to_date('15/05/20','DD/MM/RR'),'44');
Insert into FACTURA (ID_FACTURA,FECHA,ID_CLIENTE) values ('5910',to_date('04/06/20','DD/MM/RR'),'68');
Insert into FACTURA (ID_FACTURA,FECHA,ID_CLIENTE) values ('5911',to_date('21/03/20','DD/MM/RR'),'29');
Insert into FACTURA (ID_FACTURA,FECHA,ID_CLIENTE) values ('5912',to_date('04/03/20','DD/MM/RR'),'9');
Insert into FACTURA (ID_FACTURA,FECHA,ID_CLIENTE) values ('5913',to_date('15/01/20','DD/MM/RR'),'12');
Insert into FACTURA (ID_FACTURA,FECHA,ID_CLIENTE) values ('5914',to_date('04/12/19','DD/MM/RR'),'9');
Insert into FACTURA (ID_FACTURA,FECHA,ID_CLIENTE) values ('5915',to_date('26/09/19','DD/MM/RR'),'87');
Insert into FACTURA (ID_FACTURA,FECHA,ID_CLIENTE) values ('5916',to_date('11/07/19','DD/MM/RR'),'1');
Insert into FACTURA (ID_FACTURA,FECHA,ID_CLIENTE) values ('5917',to_date('23/04/20','DD/MM/RR'),'18');
Insert into FACTURA (ID_FACTURA,FECHA,ID_CLIENTE) values ('5918',to_date('27/10/20','DD/MM/RR'),'53');
Insert into FACTURA (ID_FACTURA,FECHA,ID_CLIENTE) values ('5919',to_date('29/09/20','DD/MM/RR'),'56');
Insert into FACTURA (ID_FACTURA,FECHA,ID_CLIENTE) values ('5920',to_date('28/01/19','DD/MM/RR'),'6');
Insert into FACTURA (ID_FACTURA,FECHA,ID_CLIENTE) values ('5921',to_date('14/04/19','DD/MM/RR'),'76');
Insert into FACTURA (ID_FACTURA,FECHA,ID_CLIENTE) values ('5922',to_date('24/04/20','DD/MM/RR'),'40');
Insert into FACTURA (ID_FACTURA,FECHA,ID_CLIENTE) values ('5923',to_date('18/04/20','DD/MM/RR'),'78');
Insert into FACTURA (ID_FACTURA,FECHA,ID_CLIENTE) values ('5924',to_date('22/08/20','DD/MM/RR'),'19');
Insert into FACTURA (ID_FACTURA,FECHA,ID_CLIENTE) values ('5925',to_date('02/07/20','DD/MM/RR'),'72');
Insert into FACTURA (ID_FACTURA,FECHA,ID_CLIENTE) values ('5926',to_date('16/03/20','DD/MM/RR'),'24');
Insert into FACTURA (ID_FACTURA,FECHA,ID_CLIENTE) values ('5927',to_date('22/06/20','DD/MM/RR'),'23');
Insert into FACTURA (ID_FACTURA,FECHA,ID_CLIENTE) values ('5928',to_date('17/11/20','DD/MM/RR'),'87');
Insert into FACTURA (ID_FACTURA,FECHA,ID_CLIENTE) values ('5929',to_date('19/07/19','DD/MM/RR'),'44');
Insert into FACTURA (ID_FACTURA,FECHA,ID_CLIENTE) values ('5930',to_date('07/09/20','DD/MM/RR'),'33');
Insert into FACTURA (ID_FACTURA,FECHA,ID_CLIENTE) values ('5931',to_date('17/09/19','DD/MM/RR'),'95');
Insert into FACTURA (ID_FACTURA,FECHA,ID_CLIENTE) values ('5932',to_date('12/07/19','DD/MM/RR'),'31');
Insert into FACTURA (ID_FACTURA,FECHA,ID_CLIENTE) values ('5933',to_date('26/05/20','DD/MM/RR'),'7');
Insert into FACTURA (ID_FACTURA,FECHA,ID_CLIENTE) values ('5934',to_date('17/08/19','DD/MM/RR'),'92');
Insert into FACTURA (ID_FACTURA,FECHA,ID_CLIENTE) values ('5935',to_date('14/08/20','DD/MM/RR'),'61');
Insert into FACTURA (ID_FACTURA,FECHA,ID_CLIENTE) values ('5936',to_date('01/08/20','DD/MM/RR'),'27');
Insert into FACTURA (ID_FACTURA,FECHA,ID_CLIENTE) values ('5937',to_date('31/01/20','DD/MM/RR'),'38');
Insert into FACTURA (ID_FACTURA,FECHA,ID_CLIENTE) values ('5938',to_date('20/11/19','DD/MM/RR'),'19');
Insert into FACTURA (ID_FACTURA,FECHA,ID_CLIENTE) values ('5939',to_date('04/08/20','DD/MM/RR'),'100');
Insert into FACTURA (ID_FACTURA,FECHA,ID_CLIENTE) values ('5940',to_date('24/12/18','DD/MM/RR'),'71');
Insert into FACTURA (ID_FACTURA,FECHA,ID_CLIENTE) values ('5941',to_date('26/01/19','DD/MM/RR'),'71');
Insert into FACTURA (ID_FACTURA,FECHA,ID_CLIENTE) values ('5942',to_date('15/07/19','DD/MM/RR'),'73');
Insert into FACTURA (ID_FACTURA,FECHA,ID_CLIENTE) values ('5943',to_date('10/01/19','DD/MM/RR'),'44');
Insert into FACTURA (ID_FACTURA,FECHA,ID_CLIENTE) values ('5944',to_date('28/09/20','DD/MM/RR'),'2');
Insert into FACTURA (ID_FACTURA,FECHA,ID_CLIENTE) values ('5945',to_date('18/01/20','DD/MM/RR'),'21');
Insert into FACTURA (ID_FACTURA,FECHA,ID_CLIENTE) values ('5946',to_date('06/05/20','DD/MM/RR'),'50');
Insert into FACTURA (ID_FACTURA,FECHA,ID_CLIENTE) values ('5947',to_date('07/01/19','DD/MM/RR'),'78');
Insert into FACTURA (ID_FACTURA,FECHA,ID_CLIENTE) values ('5948',to_date('16/11/20','DD/MM/RR'),'69');
Insert into FACTURA (ID_FACTURA,FECHA,ID_CLIENTE) values ('5949',to_date('25/03/20','DD/MM/RR'),'2');
Insert into FACTURA (ID_FACTURA,FECHA,ID_CLIENTE) values ('5950',to_date('27/04/19','DD/MM/RR'),'84');
Insert into FACTURA (ID_FACTURA,FECHA,ID_CLIENTE) values ('5951',to_date('30/06/19','DD/MM/RR'),'9');
Insert into FACTURA (ID_FACTURA,FECHA,ID_CLIENTE) values ('5952',to_date('19/04/20','DD/MM/RR'),'23');
Insert into FACTURA (ID_FACTURA,FECHA,ID_CLIENTE) values ('5953',to_date('27/11/20','DD/MM/RR'),'55');
Insert into FACTURA (ID_FACTURA,FECHA,ID_CLIENTE) values ('5954',to_date('09/09/19','DD/MM/RR'),'27');
Insert into FACTURA (ID_FACTURA,FECHA,ID_CLIENTE) values ('5955',to_date('13/08/19','DD/MM/RR'),'24');
Insert into FACTURA (ID_FACTURA,FECHA,ID_CLIENTE) values ('5956',to_date('31/12/18','DD/MM/RR'),'37');
Insert into FACTURA (ID_FACTURA,FECHA,ID_CLIENTE) values ('5957',to_date('23/04/20','DD/MM/RR'),'81');
Insert into FACTURA (ID_FACTURA,FECHA,ID_CLIENTE) values ('5958',to_date('21/10/19','DD/MM/RR'),'13');
Insert into FACTURA (ID_FACTURA,FECHA,ID_CLIENTE) values ('5959',to_date('06/04/20','DD/MM/RR'),'22');
Insert into FACTURA (ID_FACTURA,FECHA,ID_CLIENTE) values ('5960',to_date('14/03/20','DD/MM/RR'),'100');
Insert into FACTURA (ID_FACTURA,FECHA,ID_CLIENTE) values ('5961',to_date('07/05/19','DD/MM/RR'),'69');
Insert into FACTURA (ID_FACTURA,FECHA,ID_CLIENTE) values ('5962',to_date('26/01/20','DD/MM/RR'),'85');
Insert into FACTURA (ID_FACTURA,FECHA,ID_CLIENTE) values ('5963',to_date('29/10/20','DD/MM/RR'),'41');
Insert into FACTURA (ID_FACTURA,FECHA,ID_CLIENTE) values ('5964',to_date('16/04/19','DD/MM/RR'),'68');
Insert into FACTURA (ID_FACTURA,FECHA,ID_CLIENTE) values ('5965',to_date('17/10/19','DD/MM/RR'),'12');
Insert into FACTURA (ID_FACTURA,FECHA,ID_CLIENTE) values ('5966',to_date('14/05/20','DD/MM/RR'),'73');
Insert into FACTURA (ID_FACTURA,FECHA,ID_CLIENTE) values ('5967',to_date('16/12/20','DD/MM/RR'),'98');
Insert into FACTURA (ID_FACTURA,FECHA,ID_CLIENTE) values ('5968',to_date('22/03/19','DD/MM/RR'),'70');
Insert into FACTURA (ID_FACTURA,FECHA,ID_CLIENTE) values ('5969',to_date('28/03/19','DD/MM/RR'),'96');
Insert into FACTURA (ID_FACTURA,FECHA,ID_CLIENTE) values ('5970',to_date('15/04/20','DD/MM/RR'),'81');
Insert into FACTURA (ID_FACTURA,FECHA,ID_CLIENTE) values ('5971',to_date('05/10/20','DD/MM/RR'),'3');
Insert into FACTURA (ID_FACTURA,FECHA,ID_CLIENTE) values ('5972',to_date('18/12/20','DD/MM/RR'),'53');
Insert into FACTURA (ID_FACTURA,FECHA,ID_CLIENTE) values ('5973',to_date('24/11/20','DD/MM/RR'),'92');
Insert into FACTURA (ID_FACTURA,FECHA,ID_CLIENTE) values ('5974',to_date('28/09/19','DD/MM/RR'),'51');
Insert into FACTURA (ID_FACTURA,FECHA,ID_CLIENTE) values ('5975',to_date('05/07/20','DD/MM/RR'),'65');
Insert into FACTURA (ID_FACTURA,FECHA,ID_CLIENTE) values ('5976',to_date('31/12/19','DD/MM/RR'),'83');
Insert into FACTURA (ID_FACTURA,FECHA,ID_CLIENTE) values ('5977',to_date('04/10/20','DD/MM/RR'),'47');
Insert into FACTURA (ID_FACTURA,FECHA,ID_CLIENTE) values ('5978',to_date('11/11/20','DD/MM/RR'),'84');
Insert into FACTURA (ID_FACTURA,FECHA,ID_CLIENTE) values ('5979',to_date('23/07/20','DD/MM/RR'),'54');
Insert into FACTURA (ID_FACTURA,FECHA,ID_CLIENTE) values ('5980',to_date('24/01/20','DD/MM/RR'),'29');
Insert into FACTURA (ID_FACTURA,FECHA,ID_CLIENTE) values ('5981',to_date('12/11/20','DD/MM/RR'),'87');
Insert into FACTURA (ID_FACTURA,FECHA,ID_CLIENTE) values ('5982',to_date('05/07/19','DD/MM/RR'),'1');
Insert into FACTURA (ID_FACTURA,FECHA,ID_CLIENTE) values ('5983',to_date('27/10/20','DD/MM/RR'),'10');
Insert into FACTURA (ID_FACTURA,FECHA,ID_CLIENTE) values ('5984',to_date('15/08/20','DD/MM/RR'),'64');
Insert into FACTURA (ID_FACTURA,FECHA,ID_CLIENTE) values ('5985',to_date('16/09/20','DD/MM/RR'),'65');
Insert into FACTURA (ID_FACTURA,FECHA,ID_CLIENTE) values ('5986',to_date('11/05/19','DD/MM/RR'),'53');
Insert into FACTURA (ID_FACTURA,FECHA,ID_CLIENTE) values ('5987',to_date('20/05/20','DD/MM/RR'),'47');
Insert into FACTURA (ID_FACTURA,FECHA,ID_CLIENTE) values ('5988',to_date('06/03/20','DD/MM/RR'),'88');
Insert into FACTURA (ID_FACTURA,FECHA,ID_CLIENTE) values ('5989',to_date('23/09/20','DD/MM/RR'),'67');
Insert into FACTURA (ID_FACTURA,FECHA,ID_CLIENTE) values ('5990',to_date('18/03/20','DD/MM/RR'),'28');
Insert into FACTURA (ID_FACTURA,FECHA,ID_CLIENTE) values ('5991',to_date('01/04/20','DD/MM/RR'),'65');
Insert into FACTURA (ID_FACTURA,FECHA,ID_CLIENTE) values ('5992',to_date('20/02/20','DD/MM/RR'),'38');
Insert into FACTURA (ID_FACTURA,FECHA,ID_CLIENTE) values ('5993',to_date('17/07/19','DD/MM/RR'),'82');
Insert into FACTURA (ID_FACTURA,FECHA,ID_CLIENTE) values ('5994',to_date('07/03/20','DD/MM/RR'),'52');
Insert into FACTURA (ID_FACTURA,FECHA,ID_CLIENTE) values ('5995',to_date('25/10/20','DD/MM/RR'),'57');
Insert into FACTURA (ID_FACTURA,FECHA,ID_CLIENTE) values ('5996',to_date('03/11/19','DD/MM/RR'),'5');
Insert into FACTURA (ID_FACTURA,FECHA,ID_CLIENTE) values ('5997',to_date('25/12/18','DD/MM/RR'),'38');
Insert into FACTURA (ID_FACTURA,FECHA,ID_CLIENTE) values ('5998',to_date('15/10/19','DD/MM/RR'),'4');
Insert into FACTURA (ID_FACTURA,FECHA,ID_CLIENTE) values ('5999',to_date('05/03/19','DD/MM/RR'),'61');
REM INSERTING into CATEGORIA
SET DEFINE OFF;
Insert into CATEGORIA (ID_CATEGORIA,DESCRIPCION) values ('1','magnis');
Insert into CATEGORIA (ID_CATEGORIA,DESCRIPCION) values ('2','ipsum');
Insert into CATEGORIA (ID_CATEGORIA,DESCRIPCION) values ('3','nec');
Insert into CATEGORIA (ID_CATEGORIA,DESCRIPCION) values ('4','erat,');
Insert into CATEGORIA (ID_CATEGORIA,DESCRIPCION) values ('5','at');
Insert into CATEGORIA (ID_CATEGORIA,DESCRIPCION) values ('6','magna');
Insert into CATEGORIA (ID_CATEGORIA,DESCRIPCION) values ('7','quis');
Insert into CATEGORIA (ID_CATEGORIA,DESCRIPCION) values ('8','auctor');
Insert into CATEGORIA (ID_CATEGORIA,DESCRIPCION) values ('9','urna.');
Insert into CATEGORIA (ID_CATEGORIA,DESCRIPCION) values ('10','Nulla');
REM INSERTING into CLIENTE
SET DEFINE OFF;
Insert into CLIENTE (ID_CLIENTE,NOMBRE,APELLIDO,TELEFONO) values ('1','Britanney','Molina','213-2668');
Insert into CLIENTE (ID_CLIENTE,NOMBRE,APELLIDO,TELEFONO) values ('2','Dawn','Sweeney','1-229-431-3464');
Insert into CLIENTE (ID_CLIENTE,NOMBRE,APELLIDO,TELEFONO) values ('3','Urielle','Dawson','1-238-605-7755');
Insert into CLIENTE (ID_CLIENTE,NOMBRE,APELLIDO,TELEFONO) values ('4','Kyla','Petty','1-423-752-0697');
Insert into CLIENTE (ID_CLIENTE,NOMBRE,APELLIDO,TELEFONO) values ('5','Evan','Flores','656-7179');
Insert into CLIENTE (ID_CLIENTE,NOMBRE,APELLIDO,TELEFONO) values ('6','Thane','Holloway','1-763-852-4680');
Insert into CLIENTE (ID_CLIENTE,NOMBRE,APELLIDO,TELEFONO) values ('7','Ava','Torres','639-1605');
Insert into CLIENTE (ID_CLIENTE,NOMBRE,APELLIDO,TELEFONO) values ('8','Callum','Moss','566-3875');
Insert into CLIENTE (ID_CLIENTE,NOMBRE,APELLIDO,TELEFONO) values ('9','Eliana','Gardner','1-687-238-3348');
Insert into CLIENTE (ID_CLIENTE,NOMBRE,APELLIDO,TELEFONO) values ('10','Kibo','Morales','1-747-318-9147');
Insert into CLIENTE (ID_CLIENTE,NOMBRE,APELLIDO,TELEFONO) values ('11','Maite','Knight','544-2610');
Insert into CLIENTE (ID_CLIENTE,NOMBRE,APELLIDO,TELEFONO) values ('12','Valentine','Gallagher','992-0690');
Insert into CLIENTE (ID_CLIENTE,NOMBRE,APELLIDO,TELEFONO) values ('13','Patrick','Haney','792-4705');
Insert into CLIENTE (ID_CLIENTE,NOMBRE,APELLIDO,TELEFONO) values ('14','Shelly','Francis','857-9756');
Insert into CLIENTE (ID_CLIENTE,NOMBRE,APELLIDO,TELEFONO) values ('15','Raya','Deleon','185-8088');
Insert into CLIENTE (ID_CLIENTE,NOMBRE,APELLIDO,TELEFONO) values ('16','August','Fuentes','229-5967');
Insert into CLIENTE (ID_CLIENTE,NOMBRE,APELLIDO,TELEFONO) values ('17','Lisandra','Richards','1-675-452-9072');
Insert into CLIENTE (ID_CLIENTE,NOMBRE,APELLIDO,TELEFONO) values ('18','Colorado','Gentry','1-470-801-9868');
Insert into CLIENTE (ID_CLIENTE,NOMBRE,APELLIDO,TELEFONO) values ('19','Lucy','Church','531-6295');
Insert into CLIENTE (ID_CLIENTE,NOMBRE,APELLIDO,TELEFONO) values ('20','Judith','Wyatt','662-8379');
Insert into CLIENTE (ID_CLIENTE,NOMBRE,APELLIDO,TELEFONO) values ('21','Amelia','Stafford','1-188-142-4396');
Insert into CLIENTE (ID_CLIENTE,NOMBRE,APELLIDO,TELEFONO) values ('22','Castor','Clark','1-979-106-7690');
Insert into CLIENTE (ID_CLIENTE,NOMBRE,APELLIDO,TELEFONO) values ('23','Gray','Meyers','373-9860');
Insert into CLIENTE (ID_CLIENTE,NOMBRE,APELLIDO,TELEFONO) values ('24','Dorothy','Mccormick','463-5441');
Insert into CLIENTE (ID_CLIENTE,NOMBRE,APELLIDO,TELEFONO) values ('25','Cyrus','Atkins','1-788-644-6579');
Insert into CLIENTE (ID_CLIENTE,NOMBRE,APELLIDO,TELEFONO) values ('26','Kevin','Young','1-691-208-3669');
Insert into CLIENTE (ID_CLIENTE,NOMBRE,APELLIDO,TELEFONO) values ('27','Warren','Farrell','585-0283');
Insert into CLIENTE (ID_CLIENTE,NOMBRE,APELLIDO,TELEFONO) values ('28','Phyllis','Nichols','470-5888');
Insert into CLIENTE (ID_CLIENTE,NOMBRE,APELLIDO,TELEFONO) values ('29','Garth','Osborne','1-986-895-5786');
Insert into CLIENTE (ID_CLIENTE,NOMBRE,APELLIDO,TELEFONO) values ('30','Jolene','Strong','816-4091');
Insert into CLIENTE (ID_CLIENTE,NOMBRE,APELLIDO,TELEFONO) values ('31','Nissim','Davenport','583-3624');
Insert into CLIENTE (ID_CLIENTE,NOMBRE,APELLIDO,TELEFONO) values ('32','Stuart','Best','787-9934');
Insert into CLIENTE (ID_CLIENTE,NOMBRE,APELLIDO,TELEFONO) values ('33','Kelly','Mclaughlin','714-5729');
Insert into CLIENTE (ID_CLIENTE,NOMBRE,APELLIDO,TELEFONO) values ('34','Cole','Christensen','1-383-667-0742');
Insert into CLIENTE (ID_CLIENTE,NOMBRE,APELLIDO,TELEFONO) values ('35','Hayfa','Grant','1-706-487-8372');
Insert into CLIENTE (ID_CLIENTE,NOMBRE,APELLIDO,TELEFONO) values ('36','Zachery','Sosa','1-310-430-4139');
Insert into CLIENTE (ID_CLIENTE,NOMBRE,APELLIDO,TELEFONO) values ('37','Raphael','Yates','830-8163');
Insert into CLIENTE (ID_CLIENTE,NOMBRE,APELLIDO,TELEFONO) values ('38','James','Sweet','1-452-553-9768');
Insert into CLIENTE (ID_CLIENTE,NOMBRE,APELLIDO,TELEFONO) values ('39','Yvette','Puckett','841-3989');
Insert into CLIENTE (ID_CLIENTE,NOMBRE,APELLIDO,TELEFONO) values ('40','John','Griffin','1-179-313-8521');
Insert into CLIENTE (ID_CLIENTE,NOMBRE,APELLIDO,TELEFONO) values ('41','Harper','Reese','344-4514');
Insert into CLIENTE (ID_CLIENTE,NOMBRE,APELLIDO,TELEFONO) values ('42','Thane','Price','1-547-830-9628');
Insert into CLIENTE (ID_CLIENTE,NOMBRE,APELLIDO,TELEFONO) values ('43','Imani','Sargent','1-191-967-7816');
Insert into CLIENTE (ID_CLIENTE,NOMBRE,APELLIDO,TELEFONO) values ('44','Gareth','Wolfe','1-166-274-9089');
Insert into CLIENTE (ID_CLIENTE,NOMBRE,APELLIDO,TELEFONO) values ('45','MacKensie','Conway','1-672-299-2297');
Insert into CLIENTE (ID_CLIENTE,NOMBRE,APELLIDO,TELEFONO) values ('46','Brenden','Mathis','1-431-942-1369');
Insert into CLIENTE (ID_CLIENTE,NOMBRE,APELLIDO,TELEFONO) values ('47','Andrew','Harmon','1-549-852-6218');
Insert into CLIENTE (ID_CLIENTE,NOMBRE,APELLIDO,TELEFONO) values ('48','Imogene','Roman','1-587-431-7220');
Insert into CLIENTE (ID_CLIENTE,NOMBRE,APELLIDO,TELEFONO) values ('49','Susan','Acosta','1-487-131-0769');
Insert into CLIENTE (ID_CLIENTE,NOMBRE,APELLIDO,TELEFONO) values ('50','Abraham','Lynch','1-542-161-2833');
Insert into CLIENTE (ID_CLIENTE,NOMBRE,APELLIDO,TELEFONO) values ('51','Pascale','Yates','1-700-598-5140');
Insert into CLIENTE (ID_CLIENTE,NOMBRE,APELLIDO,TELEFONO) values ('52','Wanda','Booth','1-643-918-5401');
Insert into CLIENTE (ID_CLIENTE,NOMBRE,APELLIDO,TELEFONO) values ('53','Colette','Downs','1-835-721-8323');
Insert into CLIENTE (ID_CLIENTE,NOMBRE,APELLIDO,TELEFONO) values ('54','Ora','Mcdonald','726-6162');
Insert into CLIENTE (ID_CLIENTE,NOMBRE,APELLIDO,TELEFONO) values ('55','Mary','Carey','1-994-726-2827');
Insert into CLIENTE (ID_CLIENTE,NOMBRE,APELLIDO,TELEFONO) values ('56','Nerea','Shaffer','972-3715');
Insert into CLIENTE (ID_CLIENTE,NOMBRE,APELLIDO,TELEFONO) values ('57','Rowan','Bray','1-810-999-3918');
Insert into CLIENTE (ID_CLIENTE,NOMBRE,APELLIDO,TELEFONO) values ('58','Aline','Rodriguez','377-4873');
Insert into CLIENTE (ID_CLIENTE,NOMBRE,APELLIDO,TELEFONO) values ('59','Slade','Mercado','1-122-118-6584');
Insert into CLIENTE (ID_CLIENTE,NOMBRE,APELLIDO,TELEFONO) values ('60','Kyle','Wade','970-7648');
Insert into CLIENTE (ID_CLIENTE,NOMBRE,APELLIDO,TELEFONO) values ('61','Anthony','Nieves','389-6584');
Insert into CLIENTE (ID_CLIENTE,NOMBRE,APELLIDO,TELEFONO) values ('62','Jillian','Dickson','1-453-496-6637');
Insert into CLIENTE (ID_CLIENTE,NOMBRE,APELLIDO,TELEFONO) values ('63','Halla','Deleon','1-262-260-8289');
Insert into CLIENTE (ID_CLIENTE,NOMBRE,APELLIDO,TELEFONO) values ('64','Sopoline','Dominguez','1-584-705-1620');
Insert into CLIENTE (ID_CLIENTE,NOMBRE,APELLIDO,TELEFONO) values ('65','Rylee','Pickett','1-639-658-7627');
Insert into CLIENTE (ID_CLIENTE,NOMBRE,APELLIDO,TELEFONO) values ('66','Tobias','Ramsey','1-972-399-6987');
Insert into CLIENTE (ID_CLIENTE,NOMBRE,APELLIDO,TELEFONO) values ('67','Lisandra','Hess','783-5403');
Insert into CLIENTE (ID_CLIENTE,NOMBRE,APELLIDO,TELEFONO) values ('68','Vaughan','Kaufman','660-0766');
Insert into CLIENTE (ID_CLIENTE,NOMBRE,APELLIDO,TELEFONO) values ('69','Wade','Farmer','744-5725');
Insert into CLIENTE (ID_CLIENTE,NOMBRE,APELLIDO,TELEFONO) values ('70','Garrett','Gilbert','1-191-660-4305');
Insert into CLIENTE (ID_CLIENTE,NOMBRE,APELLIDO,TELEFONO) values ('71','Dai','Mcconnell','992-5602');
Insert into CLIENTE (ID_CLIENTE,NOMBRE,APELLIDO,TELEFONO) values ('72','Cassidy','Green','290-4158');
Insert into CLIENTE (ID_CLIENTE,NOMBRE,APELLIDO,TELEFONO) values ('73','Melvin','Knapp','733-0958');
Insert into CLIENTE (ID_CLIENTE,NOMBRE,APELLIDO,TELEFONO) values ('74','Cheyenne','Forbes','950-6318');
Insert into CLIENTE (ID_CLIENTE,NOMBRE,APELLIDO,TELEFONO) values ('75','Zia','Stanton','1-882-963-5341');
Insert into CLIENTE (ID_CLIENTE,NOMBRE,APELLIDO,TELEFONO) values ('76','Anika','Tucker','471-0786');
Insert into CLIENTE (ID_CLIENTE,NOMBRE,APELLIDO,TELEFONO) values ('77','Murphy','Abbott','959-9147');
Insert into CLIENTE (ID_CLIENTE,NOMBRE,APELLIDO,TELEFONO) values ('78','Blythe','Knowles','159-2526');
Insert into CLIENTE (ID_CLIENTE,NOMBRE,APELLIDO,TELEFONO) values ('79','Shad','Steele','1-375-605-5016');
Insert into CLIENTE (ID_CLIENTE,NOMBRE,APELLIDO,TELEFONO) values ('80','Yasir','Shaw','390-5148');
Insert into CLIENTE (ID_CLIENTE,NOMBRE,APELLIDO,TELEFONO) values ('81','Maya','Dillard','673-6414');
Insert into CLIENTE (ID_CLIENTE,NOMBRE,APELLIDO,TELEFONO) values ('82','Dillon','Beard','1-652-626-4212');
Insert into CLIENTE (ID_CLIENTE,NOMBRE,APELLIDO,TELEFONO) values ('83','Bianca','Ferrell','350-3902');
Insert into CLIENTE (ID_CLIENTE,NOMBRE,APELLIDO,TELEFONO) values ('84','Nicholas','Kline','1-468-341-4091');
Insert into CLIENTE (ID_CLIENTE,NOMBRE,APELLIDO,TELEFONO) values ('85','Grady','Levy','1-546-515-3763');
Insert into CLIENTE (ID_CLIENTE,NOMBRE,APELLIDO,TELEFONO) values ('86','Cain','Parrish','1-175-875-6580');
Insert into CLIENTE (ID_CLIENTE,NOMBRE,APELLIDO,TELEFONO) values ('87','Rooney','Stanton','622-6879');
Insert into CLIENTE (ID_CLIENTE,NOMBRE,APELLIDO,TELEFONO) values ('88','Joelle','Dillon','159-3879');
Insert into CLIENTE (ID_CLIENTE,NOMBRE,APELLIDO,TELEFONO) values ('89','Darrel','Kemp','732-8174');
Insert into CLIENTE (ID_CLIENTE,NOMBRE,APELLIDO,TELEFONO) values ('90','Ralph','Casey','118-6092');
Insert into CLIENTE (ID_CLIENTE,NOMBRE,APELLIDO,TELEFONO) values ('91','Noah','Jensen','1-316-912-3453');
Insert into CLIENTE (ID_CLIENTE,NOMBRE,APELLIDO,TELEFONO) values ('92','Naomi','Humphrey','1-911-499-7331');
Insert into CLIENTE (ID_CLIENTE,NOMBRE,APELLIDO,TELEFONO) values ('93','Germane','Dillon','1-759-105-7536');
Insert into CLIENTE (ID_CLIENTE,NOMBRE,APELLIDO,TELEFONO) values ('94','Christen','Oneil','1-264-913-6150');
Insert into CLIENTE (ID_CLIENTE,NOMBRE,APELLIDO,TELEFONO) values ('95','Talon','Rocha','313-4699');
Insert into CLIENTE (ID_CLIENTE,NOMBRE,APELLIDO,TELEFONO) values ('96','Ivory','Gardner','514-4941');
Insert into CLIENTE (ID_CLIENTE,NOMBRE,APELLIDO,TELEFONO) values ('97','Rebekah','Walker','1-575-246-1342');
Insert into CLIENTE (ID_CLIENTE,NOMBRE,APELLIDO,TELEFONO) values ('98','Freya','Ferrell','1-941-357-7352');
Insert into CLIENTE (ID_CLIENTE,NOMBRE,APELLIDO,TELEFONO) values ('99','Winifred','Ewing','1-590-835-2305');
Insert into CLIENTE (ID_CLIENTE,NOMBRE,APELLIDO,TELEFONO) values ('100','Hadley','Macias','474-3118');
REM INSERTING into PRODUCTO
SET DEFINE OFF;
Insert into PRODUCTO (DESCRIPCION,ID_PRODUCTO,PRECIO,ID_CATEGORIA,ID_PROVEEDOR) values ('sagittis augue,','1','9,02','3','8');
Insert into PRODUCTO (DESCRIPCION,ID_PRODUCTO,PRECIO,ID_CATEGORIA,ID_PROVEEDOR) values ('Lorem ipsum','2','6,58','7','10');
Insert into PRODUCTO (DESCRIPCION,ID_PRODUCTO,PRECIO,ID_CATEGORIA,ID_PROVEEDOR) values ('enim. Mauris','3','73,82','2','4');
Insert into PRODUCTO (DESCRIPCION,ID_PRODUCTO,PRECIO,ID_CATEGORIA,ID_PROVEEDOR) values ('vel, vulputate','4','36,75','8','2');
Insert into PRODUCTO (DESCRIPCION,ID_PRODUCTO,PRECIO,ID_CATEGORIA,ID_PROVEEDOR) values ('lorem vitae','5','58,36','2','4');
Insert into PRODUCTO (DESCRIPCION,ID_PRODUCTO,PRECIO,ID_CATEGORIA,ID_PROVEEDOR) values ('faucibus. Morbi','6','29,94','4','1');
Insert into PRODUCTO (DESCRIPCION,ID_PRODUCTO,PRECIO,ID_CATEGORIA,ID_PROVEEDOR) values ('blandit mattis.','7','73,92','1','10');
Insert into PRODUCTO (DESCRIPCION,ID_PRODUCTO,PRECIO,ID_CATEGORIA,ID_PROVEEDOR) values ('sagittis. Nullam','8','62,04','7','4');
Insert into PRODUCTO (DESCRIPCION,ID_PRODUCTO,PRECIO,ID_CATEGORIA,ID_PROVEEDOR) values ('semper tellus','9','79,45','2','7');
Insert into PRODUCTO (DESCRIPCION,ID_PRODUCTO,PRECIO,ID_CATEGORIA,ID_PROVEEDOR) values ('ornare. Fusce','10','56,2','7','9');
Insert into PRODUCTO (DESCRIPCION,ID_PRODUCTO,PRECIO,ID_CATEGORIA,ID_PROVEEDOR) values ('Cras convallis','11','15,22','5','4');
Insert into PRODUCTO (DESCRIPCION,ID_PRODUCTO,PRECIO,ID_CATEGORIA,ID_PROVEEDOR) values ('ante ipsum','12','50,04','6','7');
Insert into PRODUCTO (DESCRIPCION,ID_PRODUCTO,PRECIO,ID_CATEGORIA,ID_PROVEEDOR) values ('nec urna','13','17','7','7');
Insert into PRODUCTO (DESCRIPCION,ID_PRODUCTO,PRECIO,ID_CATEGORIA,ID_PROVEEDOR) values ('turpis. Aliquam','14','27,27','5','5');
Insert into PRODUCTO (DESCRIPCION,ID_PRODUCTO,PRECIO,ID_CATEGORIA,ID_PROVEEDOR) values ('Donec feugiat','15','52,17','8','2');
Insert into PRODUCTO (DESCRIPCION,ID_PRODUCTO,PRECIO,ID_CATEGORIA,ID_PROVEEDOR) values ('eget, volutpat','16','25,43','3','2');
Insert into PRODUCTO (DESCRIPCION,ID_PRODUCTO,PRECIO,ID_CATEGORIA,ID_PROVEEDOR) values ('velit in','17','21,8','1','5');
Insert into PRODUCTO (DESCRIPCION,ID_PRODUCTO,PRECIO,ID_CATEGORIA,ID_PROVEEDOR) values ('non massa','18','32,71','6','8');
Insert into PRODUCTO (DESCRIPCION,ID_PRODUCTO,PRECIO,ID_CATEGORIA,ID_PROVEEDOR) values ('nunc est,','19','69,75','9','8');
Insert into PRODUCTO (DESCRIPCION,ID_PRODUCTO,PRECIO,ID_CATEGORIA,ID_PROVEEDOR) values ('est arcu','20','63,63','6','8');
Insert into PRODUCTO (DESCRIPCION,ID_PRODUCTO,PRECIO,ID_CATEGORIA,ID_PROVEEDOR) values ('faucibus orci','21','48,38','4','8');
Insert into PRODUCTO (DESCRIPCION,ID_PRODUCTO,PRECIO,ID_CATEGORIA,ID_PROVEEDOR) values ('est ac','22','87,58','10','1');
Insert into PRODUCTO (DESCRIPCION,ID_PRODUCTO,PRECIO,ID_CATEGORIA,ID_PROVEEDOR) values ('condimentum eget,','23','5,73','9','1');
Insert into PRODUCTO (DESCRIPCION,ID_PRODUCTO,PRECIO,ID_CATEGORIA,ID_PROVEEDOR) values ('Praesent interdum','24','77,71','6','9');
Insert into PRODUCTO (DESCRIPCION,ID_PRODUCTO,PRECIO,ID_CATEGORIA,ID_PROVEEDOR) values ('vel turpis.','25','86,38','5','3');
Insert into PRODUCTO (DESCRIPCION,ID_PRODUCTO,PRECIO,ID_CATEGORIA,ID_PROVEEDOR) values ('eget nisi','26','72,8','4','1');
Insert into PRODUCTO (DESCRIPCION,ID_PRODUCTO,PRECIO,ID_CATEGORIA,ID_PROVEEDOR) values ('Aliquam erat','27','93,96','4','10');
Insert into PRODUCTO (DESCRIPCION,ID_PRODUCTO,PRECIO,ID_CATEGORIA,ID_PROVEEDOR) values ('Nunc sollicitudin','28','85,66','8','3');
Insert into PRODUCTO (DESCRIPCION,ID_PRODUCTO,PRECIO,ID_CATEGORIA,ID_PROVEEDOR) values ('quis urna.','29','77,13','8','7');
Insert into PRODUCTO (DESCRIPCION,ID_PRODUCTO,PRECIO,ID_CATEGORIA,ID_PROVEEDOR) values ('natoque penatibus','30','42,27','6','4');
Insert into PRODUCTO (DESCRIPCION,ID_PRODUCTO,PRECIO,ID_CATEGORIA,ID_PROVEEDOR) values ('a felis','31','88,7','2','7');
Insert into PRODUCTO (DESCRIPCION,ID_PRODUCTO,PRECIO,ID_CATEGORIA,ID_PROVEEDOR) values ('pede. Cras','32','31,38','2','1');
Insert into PRODUCTO (DESCRIPCION,ID_PRODUCTO,PRECIO,ID_CATEGORIA,ID_PROVEEDOR) values ('Proin non','33','95,63','9','4');
Insert into PRODUCTO (DESCRIPCION,ID_PRODUCTO,PRECIO,ID_CATEGORIA,ID_PROVEEDOR) values ('Donec elementum,','34','69,54','8','3');
Insert into PRODUCTO (DESCRIPCION,ID_PRODUCTO,PRECIO,ID_CATEGORIA,ID_PROVEEDOR) values ('at sem','35','78,46','10','3');
Insert into PRODUCTO (DESCRIPCION,ID_PRODUCTO,PRECIO,ID_CATEGORIA,ID_PROVEEDOR) values ('ante dictum','36','98,37','1','7');
Insert into PRODUCTO (DESCRIPCION,ID_PRODUCTO,PRECIO,ID_CATEGORIA,ID_PROVEEDOR) values ('semper rutrum.','37','22,72','4','7');
Insert into PRODUCTO (DESCRIPCION,ID_PRODUCTO,PRECIO,ID_CATEGORIA,ID_PROVEEDOR) values ('eget, dictum','38','79,88','10','5');
Insert into PRODUCTO (DESCRIPCION,ID_PRODUCTO,PRECIO,ID_CATEGORIA,ID_PROVEEDOR) values ('quis lectus.','39','2,56','1','7');
Insert into PRODUCTO (DESCRIPCION,ID_PRODUCTO,PRECIO,ID_CATEGORIA,ID_PROVEEDOR) values ('Nam nulla','40','50,51','2','6');
Insert into PRODUCTO (DESCRIPCION,ID_PRODUCTO,PRECIO,ID_CATEGORIA,ID_PROVEEDOR) values ('dictum augue','41','83,89','6','2');
Insert into PRODUCTO (DESCRIPCION,ID_PRODUCTO,PRECIO,ID_CATEGORIA,ID_PROVEEDOR) values ('lacinia at,','42','73,94','9','3');
Insert into PRODUCTO (DESCRIPCION,ID_PRODUCTO,PRECIO,ID_CATEGORIA,ID_PROVEEDOR) values ('nulla at','43','18,64','9','2');
Insert into PRODUCTO (DESCRIPCION,ID_PRODUCTO,PRECIO,ID_CATEGORIA,ID_PROVEEDOR) values ('convallis in,','44','28,22','3','8');
Insert into PRODUCTO (DESCRIPCION,ID_PRODUCTO,PRECIO,ID_CATEGORIA,ID_PROVEEDOR) values ('ipsum. Phasellus','45','58,66','9','2');
Insert into PRODUCTO (DESCRIPCION,ID_PRODUCTO,PRECIO,ID_CATEGORIA,ID_PROVEEDOR) values ('nec quam.','46','35,23','8','8');
Insert into PRODUCTO (DESCRIPCION,ID_PRODUCTO,PRECIO,ID_CATEGORIA,ID_PROVEEDOR) values ('quam vel','47','65,73','4','8');
Insert into PRODUCTO (DESCRIPCION,ID_PRODUCTO,PRECIO,ID_CATEGORIA,ID_PROVEEDOR) values ('gravida. Praesent','48','96,11','9','3');
Insert into PRODUCTO (DESCRIPCION,ID_PRODUCTO,PRECIO,ID_CATEGORIA,ID_PROVEEDOR) values ('sem ut','49','73,04','5','1');
Insert into PRODUCTO (DESCRIPCION,ID_PRODUCTO,PRECIO,ID_CATEGORIA,ID_PROVEEDOR) values ('tempus risus.','50','87','6','1');
REM INSERTING into PROVEEDOR
SET DEFINE OFF;
Insert into PROVEEDOR (ID_PROVEEDOR,NOMBRE,APELLIDO,TELEFONO) values ('1','Stewart','Terry','(919) 943-3542');
Insert into PROVEEDOR (ID_PROVEEDOR,NOMBRE,APELLIDO,TELEFONO) values ('2','Reece','Roman','(395) 716-2723');
Insert into PROVEEDOR (ID_PROVEEDOR,NOMBRE,APELLIDO,TELEFONO) values ('3','Ora','Short','(779) 963-2848');
Insert into PROVEEDOR (ID_PROVEEDOR,NOMBRE,APELLIDO,TELEFONO) values ('4','Samson','Reyes','(201) 277-6126');
Insert into PROVEEDOR (ID_PROVEEDOR,NOMBRE,APELLIDO,TELEFONO) values ('5','Blake','Peck','(714) 929-6158');
Insert into PROVEEDOR (ID_PROVEEDOR,NOMBRE,APELLIDO,TELEFONO) values ('6','Maisie','Finley','(434) 704-6054');
Insert into PROVEEDOR (ID_PROVEEDOR,NOMBRE,APELLIDO,TELEFONO) values ('7','Dawn','Simmons','(208) 214-8101');
Insert into PROVEEDOR (ID_PROVEEDOR,NOMBRE,APELLIDO,TELEFONO) values ('8','Meghan','Jennings','(579) 296-1937');
Insert into PROVEEDOR (ID_PROVEEDOR,NOMBRE,APELLIDO,TELEFONO) values ('9','Carter','Scott','(404) 104-4172');
Insert into PROVEEDOR (ID_PROVEEDOR,NOMBRE,APELLIDO,TELEFONO) values ('10','Sloane','Haley','(393) 711-1111');
Insert into PROVEEDOR (ID_PROVEEDOR,NOMBRE,APELLIDO,TELEFONO) values ('11','Aretha','Wall','(929) 854-6712');
Insert into PROVEEDOR (ID_PROVEEDOR,NOMBRE,APELLIDO,TELEFONO) values ('12','Tanner','Dominguez','(556) 762-4299');
Insert into PROVEEDOR (ID_PROVEEDOR,NOMBRE,APELLIDO,TELEFONO) values ('13','Katelyn','Moon','(692) 249-2412');
Insert into PROVEEDOR (ID_PROVEEDOR,NOMBRE,APELLIDO,TELEFONO) values ('14','Brynn','Mays','(157) 337-0003');
Insert into PROVEEDOR (ID_PROVEEDOR,NOMBRE,APELLIDO,TELEFONO) values ('15','Holmes','Beard','(215) 335-5771');
Insert into PROVEEDOR (ID_PROVEEDOR,NOMBRE,APELLIDO,TELEFONO) values ('16','Elvis','Mcintyre','(681) 762-1248');
Insert into PROVEEDOR (ID_PROVEEDOR,NOMBRE,APELLIDO,TELEFONO) values ('17','Zane','Slater','(567) 869-8886');
Insert into PROVEEDOR (ID_PROVEEDOR,NOMBRE,APELLIDO,TELEFONO) values ('18','Kane','Weaver','(573) 550-2598');
Insert into PROVEEDOR (ID_PROVEEDOR,NOMBRE,APELLIDO,TELEFONO) values ('19','Pandora','Carter','(888) 958-8576');
Insert into PROVEEDOR (ID_PROVEEDOR,NOMBRE,APELLIDO,TELEFONO) values ('20','Amy','Mejia','(669) 518-7415');
